boat,mmsi,date,n_positions,has_speed_course,catch_species_json
Liberty,338301392,2020-06-26,14,true,"{""yellowtail"":8,""Calico Bass"":65,""Bonito"":13}"
Liberty,338301392,2020-07-05,7,true,"{""yellowtail"":5,""Barracuda"":47,""Calico Bass"":45,""Whitefish"":83,""Rockfish"":2}"
Liberty,338301392,2020-07-16,23,true,"{""bluefin"":61,""yellowfin"":17}"
Liberty,338301392,2020-07-17,37,true,"{""bluefin"":9,""yellowfin"":1}"
Liberty,338301392,2020-07-26,56,true,"{""bluefin"":4}"
Liberty,338301392,2020-07-27,32,true,"{""bluefin"":39}"
Liberty,338301392,2020-07-28,125,true,"{""bluefin"":40}"
Liberty,338301392,2020-07-29,375,true,"{""bluefin"":30,""yellowtail"":1}"
Liberty,338301392,2020-07-30,262,true,"{""bluefin"":46,""yellowfin"":1}"
Liberty,338301392,2020-07-31,156,true,"{""bluefin"":7,""yellowfin"":4,""yellowtail"":1}"
Liberty,338301392,2020-08-01,44,true,"{""bluefin"":40,""yellowfin"":1,""yellowtail"":29}"
Liberty,338301392,2020-08-05,42,true,"{""bluefin"":2,""yellowfin"":29}"
Liberty,338301392,2020-08-06,102,true,"{""yellowfin"":4}"
Liberty,338301392,2020-08-08,68,true,"{""yellowfin"":4,""yellowtail"":1,""dorado"":1}"
Liberty,338301392,2020-08-09,76,true,"{""yellowfin"":1}"
Liberty,338301392,2020-08-11,43,true,"{""yellowfin"":1}"
Liberty,338301392,2020-08-12,20,true,{}
Liberty,338301392,2020-08-14,55,true,"{""yellowfin"":36}"
Liberty,338301392,2020-08-15,145,true,"{""yellowfin"":5}"
Liberty,338301392,2020-08-18,38,true,{}
Liberty,338301392,2020-08-20,44,true,"{""yellowtail"":6,""Barracuda"":1,""Calico Bass"":1,""Bonito"":28,""Rockfish"":2}"
Liberty,338301392,2020-08-21,100,true,"{""yellowtail"":12,""dorado"":62}"
Liberty,338301392,2020-08-22,91,true,"{""yellowtail"":14,""Barracuda"":20,""Sculpin"":9,""Calico Bass"":15,""Bonito"":70,""Rockfish"":60}"
Liberty,338301392,2020-08-23,186,true,"{""yellowtail"":76,""dorado"":4,""Barracuda"":30,""Calico Bass"":15}"
Liberty,338301392,2020-08-26,11,true,"{""bluefin"":1,""yellowtail"":71,""Calico Bass"":15,""Bonito"":20}"
Liberty,338301392,2020-08-28,129,true,"{""yellowfin"":1,""yellowtail"":2,""dorado"":36}"
Liberty,338301392,2020-08-29,265,true,"{""yellowtail"":5,""dorado"":54}"
Liberty,338301392,2020-08-30,109,true,"{""yellowfin"":4,""yellowtail"":8,""dorado"":40}"
Liberty,338301392,2020-09-02,208,true,"{""yellowtail"":1,""dorado"":80}"
Liberty,338301392,2020-09-03,410,true,"{""bluefin"":5,""yellowtail"":55,""Calico Bass"":42,""Bonito"":52}"
Liberty,338301392,2020-09-04,267,true,"{""dorado"":74}"
Liberty,338301392,2020-09-06,231,true,"{""yellowfin"":15,""yellowtail"":12,""dorado"":112,""skipjack"":14,""Bluefin Tuna (up to 100 pounds)"":20}"
Liberty,338301392,2020-09-07,269,true,"{""yellowfin"":110,""dorado"":44}"
Liberty,338301392,2020-09-12,83,true,"{""yellowfin"":7,""yellowtail"":6,""skipjack"":1}"
Liberty,338301392,2020-09-13,48,true,"{""yellowfin"":46,""dorado"":2,""skipjack"":5}"
Liberty,338301392,2020-09-17,96,true,"{""bluefin"":14,""yellowfin"":52}"
Liberty,338301392,2020-09-20,36,true,"{""yellowfin"":44,""dorado"":92,""skipjack"":1}"
Liberty,338301392,2020-09-25,37,true,"{""yellowfin"":2,""yellowtail"":11,""skipjack"":1,""Bonito"":1}"
Liberty,338301392,2020-09-26,55,true,"{""yellowfin"":57,""dorado"":2,""skipjack"":20}"
Liberty,338301392,2020-10-02,28,true,"{""yellowfin"":51,""dorado"":20,""skipjack"":54}"
Liberty,338301392,2020-10-03,230,true,"{""yellowfin"":78,""yellowtail"":4,""dorado"":2,""skipjack"":40}"
Liberty,338301392,2020-10-09,29,true,"{""yellowfin"":36,""yellowtail"":5,""dorado"":2,""skipjack"":3}"
Liberty,338301392,2020-10-11,54,true,"{""yellowtail"":109,""skipjack"":3}"
Liberty,338301392,2020-10-17,335,true,"{""yellowfin"":1,""yellowtail"":5,""dorado"":1,""skipjack"":38}"
Liberty,338301392,2020-10-31,249,true,"{""yellowfin"":5,""yellowtail"":3,""dorado"":1,""skipjack"":13}"
Liberty,338301392,2021-05-02,15,true,"{""yellowtail"":10}"
Liberty,338301392,2021-05-09,80,true,"{""Bluefin Tuna (up to 70 pounds)"":43}"
Liberty,338301392,2021-05-12,182,true,"{""bluefin"":43}"
Liberty,338301392,2021-05-13,386,true,"{""bluefin"":16}"
Liberty,338301392,2021-05-14,414,true,"{""bluefin"":1,""yellowtail"":199}"
Liberty,338301392,2021-05-15,88,true,"{""bluefin"":14}"
Liberty,338301392,2021-05-16,157,true,"{""bluefin"":1,""yellowtail"":22}"
Liberty,338301392,2021-05-17,389,true,"{""yellowtail"":69}"
Liberty,338301392,2021-05-19,408,true,"{""yellowtail"":38}"
Liberty,338301392,2021-05-23,289,true,"{""yellowtail"":37,""Sand Bass"":1,""Calico Bass"":12,""Lingcod"":1}"
Liberty,338301392,2021-05-28,38,true,"{""yellowtail"":16,""Barracuda"":8,""Calico Bass"":28,""Bonito"":22}"
Liberty,338301392,2021-05-29,77,true,"{""bluefin"":24}"
Liberty,338301392,2021-05-31,67,true,"{""bluefin"":5}"
Liberty,338301392,2021-06-05,80,true,"{""yellowtail"":17,""Bonito"":115}"
Liberty,338301392,2021-06-06,1,true,"{""bluefin"":15,""Bonito"":64}"
Liberty,338301392,2021-06-12,83,true,"{""bluefin"":4,""yellowtail"":10,""Bonito"":54}"
Liberty,338301392,2021-06-19,130,true,"{""bluefin"":25}"
Liberty,338301392,2021-07-10,140,true,"{""bluefin"":7,""yellowtail"":73,""Barracuda"":15,""Calico Bass"":108}"
Liberty,338301392,2021-07-13,188,true,"{""bluefin"":44,""yellowfin"":2}"
Liberty,338301392,2021-07-14,378,true,"{""bluefin"":66,""yellowfin"":1}"
Liberty,338301392,2021-07-15,253,true,"{""bluefin"":33}"
Liberty,338301392,2021-07-17,96,true,"{""bluefin"":37,""yellowtail"":4}"
Liberty,338301392,2021-07-19,27,true,"{""bluefin"":16,""yellowfin"":4,""yellowtail"":11,""Bonito"":24}"
Liberty,338301392,2021-07-27,125,true,"{""yellowtail"":6,""dorado"":2,""Bonito"":1}"
Liberty,338301392,2021-07-28,33,true,"{""bluefin"":4}"
Liberty,338301392,2021-07-29,6,true,"{""bluefin"":2}"
Liberty,338301392,2021-08-02,33,true,"{""bluefin"":36,""yellowfin"":3}"
Liberty,338301392,2021-08-09,6,true,"{""yellowtail"":25,""dorado"":2,""Bonito"":49}"
Liberty,338301392,2021-08-14,76,true,"{""yellowtail"":2,""dorado"":2}"
Liberty,338301392,2021-08-16,45,true,"{""yellowtail"":31,""dorado"":22}"
Liberty,338301392,2021-08-28,91,true,"{""bluefin"":12}"
Liberty,338301392,2021-09-05,117,true,{}
Liberty,338301392,2021-09-12,41,true,{}
Liberty,338301392,2021-10-02,211,true,"{""yellowtail"":1,""dorado"":1}"
Liberty,338301392,2022-03-26,167,true,"{""yellowtail"":6,""Lingcod"":2}"
Liberty,338301392,2022-04-08,110,true,"{""yellowtail"":13,""Sheephead"":1,""Calico Bass"":10,""Lingcod"":3,""Rockfish"":80}"
Liberty,338301392,2022-04-09,246,true,"{""yellowtail"":6,""Sculpin"":12,""Calico Bass"":2,""Whitefish"":50,""Rockfish"":10}"
Liberty,338301392,2022-04-14,5,true,"{""yellowtail"":2,""Sheephead"":1,""Lingcod"":2,""Rockfish"":60}"
Liberty,338301392,2022-04-26,410,true,"{""bluefin"":44}"
Liberty,338301392,2022-04-29,426,true,"{""yellowtail"":33,""Rockfish"":25}"
Liberty,338301392,2022-05-01,393,true,"{""bluefin"":44}"
Liberty,338301392,2022-05-04,385,true,"{""Bluefin Tuna (up to 140 pounds)"":52}"
Liberty,338301392,2022-05-07,200,true,"{""bluefin"":62}"
Liberty,338301392,2022-05-14,69,true,"{""bluefin"":2,""Yellowtail (up to 14 pounds)"":73}"
Liberty,338301392,2022-06-04,41,true,"{""bluefin"":3}"
Liberty,338301392,2022-06-05,125,true,"{""bluefin"":11}"
Liberty,338301392,2022-06-24,9,true,"{""bluefin"":2}"
Liberty,338301392,2022-06-26,59,true,"{""yellowtail"":1,""Bonito"":85}"
Liberty,338301392,2022-06-30,3,true,"{""yellowtail"":7,""dorado"":2}"
Liberty,338301392,2022-07-01,125,true,"{""yellowtail"":10,""dorado"":4,""Halibut"":1,""Bonito"":3}"
Liberty,338301392,2022-07-03,190,true,"{""yellowfin"":1,""yellowtail"":95,""dorado"":2}"
Liberty,338301392,2022-07-04,144,true,"{""yellowtail"":13,""Sculpin"":25,""Calico Bass"":24,""Lingcod"":2,""Rockfish"":20}"
Liberty,338301392,2022-07-09,184,true,"{""yellowtail"":85,""Bonito"":3}"
Liberty,338301392,2022-07-10,22,true,"{""yellowtail"":17,""Bonito"":100}"
Liberty,338301392,2022-07-17,92,true,"{""yellowfin"":1,""yellowtail"":66,""dorado"":5}"
Liberty,338301392,2022-07-23,26,true,"{""yellowtail"":70,""dorado"":20}"
Liberty,338301392,2022-07-28,26,true,"{""yellowtail"":160,""dorado"":9}"
Liberty,338301392,2022-07-29,271,true,"{""yellowtail"":67,""dorado"":9}"
Liberty,338301392,2022-08-12,5,true,"{""yellowtail"":1,""dorado"":34}"
Liberty,338301392,2022-08-14,180,true,"{""yellowtail"":55,""dorado"":46}"
Liberty,338301392,2022-08-15,324,true,"{""bluefin"":3,""yellowfin"":2,""yellowtail"":4,""dorado"":7}"
Liberty,338301392,2022-08-17,138,true,"{""yellowtail"":4,""dorado"":38}"
Liberty,338301392,2022-08-23,338,true,"{""bluefin"":18,""yellowfin"":32}"
Liberty,338301392,2022-08-24,303,true,"{""bluefin"":24,""yellowfin"":38}"
Liberty,338301392,2022-08-25,255,true,"{""bluefin"":5,""yellowfin"":17,""dorado"":3}"
Liberty,338301392,2022-08-26,219,true,"{""bluefin"":9,""yellowfin"":68,""dorado"":40}"
Liberty,338301392,2022-09-02,27,true,"{""bluefin"":1,""yellowfin"":6,""yellowtail"":1,""dorado"":190}"
Liberty,338301392,2023-03-12,9,true,"{""yellowtail"":3,""Sheephead"":10,""Whitefish"":100,""Rockfish"":35}"
Liberty,338301392,2023-04-21,58,true,"{""bluefin"":1}"
Liberty,338301392,2023-04-29,27,true,"{""bluefin"":80}"
Liberty,338301392,2023-05-07,75,true,"{""yellowtail"":27}"
Liberty,338301392,2023-06-05,368,true,"{""yellowtail"":9}"
Liberty,338301392,2023-06-07,368,true,"{""Bluefin Tuna (up to 30 pounds)"":25}"
Liberty,338301392,2023-06-08,392,true,"{""bluefin"":3,""yellowtail"":102}"
Liberty,338301392,2023-06-09,399,true,"{""yellowtail"":63,""Spanish Jack"":4}"
Liberty,338301392,2023-06-10,406,true,"{""Rockfish"":200}"
Liberty,338301392,2023-06-11,402,true,"{""yellowtail"":1,""Bonito"":37}"
Liberty,338301392,2023-06-14,381,true,"{""Bluefin Tuna (up to 170 pounds)"":11}"
Liberty,338301392,2023-06-15,384,true,"{""bluefin"":25,""yellowfin"":1}"
Liberty,338301392,2023-06-18,387,true,"{""Bonito"":109}"
Liberty,338301392,2023-06-24,356,true,"{""bluefin"":7}"
Liberty,338301392,2023-06-29,395,true,"{""bluefin"":80}"
Liberty,338301392,2023-06-30,331,true,"{""bluefin"":32}"
Liberty,338301392,2023-07-01,375,true,"{""bluefin"":44,""yellowfin"":2}"
Liberty,338301392,2023-07-02,142,true,"{""bluefin"":15,""yellowfin"":15,""yellowtail"":1}"
Liberty,338301392,2023-07-03,410,true,"{""bluefin"":2,""yellowfin"":8}"
Liberty,338301392,2023-07-04,413,true,"{""bluefin"":41,""yellowfin"":21}"
Liberty,338301392,2023-07-05,244,true,"{""bluefin"":2,""yellowfin"":7}"
Liberty,338301392,2023-07-13,37,true,"{""bluefin"":12,""yellowfin"":26}"
Liberty,338301392,2023-08-12,384,true,"{""yellowtail"":52,""dorado"":4}"
Liberty,338301392,2023-08-14,382,true,"{""bluefin"":6,""yellowtail"":21,""Calico Bass"":10}"
Liberty,338301392,2023-08-15,378,true,"{""bluefin"":36,""yellowtail"":4,""Halibut"":1,""Calico Bass"":15}"
Liberty,338301392,2023-08-17,410,true,"{""yellowtail"":14,""Sand Bass"":7,""Sculpin"":40,""Sheephead"":2,""Lingcod"":1,""Rockfish"":140}"
Liberty,338301392,2023-08-26,36,true,"{""yellowfin"":17,""yellowtail"":1,""dorado"":100}"
Liberty,338301392,2023-08-30,65,true,"{""bluefin"":1,""dorado"":46}"
Liberty,338301392,2023-09-01,214,true,"{""dorado"":80}"
Liberty,338301392,2023-09-29,104,true,"{""bluefin"":3,""yellowfin"":60}"
Liberty,338301392,2023-10-01,14,true,"{""bluefin"":12,""yellowfin"":90,""yellowtail"":3}"
Liberty,338301392,2024-03-29,195,true,"{""Sheephead"":1,""Lingcod"":1,""Rockfish"":100,""Vermilion Rockfish"":70}"
Liberty,338301392,2024-05-04,269,true,"{""yellowtail"":19,""Sculpin"":5,""Calico Bass"":3,""Rockfish"":31,""Vermilion Rockfish"":34}"
Liberty,338301392,2024-05-09,311,true,"{""Rockfish"":70}"
Liberty,338301392,2024-05-17,1,true,"{""Bonito"":55}"
Liberty,338301392,2024-05-24,199,true,"{""Bonito"":62}"
Liberty,338301392,2024-05-25,347,true,"{""Bonito"":42}"
Liberty,338301392,2024-05-26,362,true,"{""bluefin"":3,""Bonito"":22}"
Liberty,338301392,2024-05-27,307,true,"{""bluefin"":1,""Bonito"":6}"
Liberty,338301392,2024-06-07,14,true,"{""yellowtail"":3}"
Liberty,338301392,2024-06-16,372,true,"{""bluefin"":35,""Bonito"":11}"
Liberty,338301392,2024-06-22,310,true,"{""bluefin"":15}"
Liberty,338301392,2024-06-30,221,true,"{""bluefin"":3,""yellowtail"":14}"
Liberty,338301392,2024-07-01,417,true,"{""bluefin"":19}"
Liberty,338301392,2024-07-02,406,true,"{""bluefin"":22}"
Liberty,338301392,2024-07-03,366,true,"{""bluefin"":8,""Bonito"":16}"
Liberty,338301392,2024-07-14,151,true,"{""bluefin"":9,""yellowtail"":32,""dorado"":1}"
Liberty,338301392,2024-07-15,337,true,"{""bluefin"":2,""yellowtail"":2}"
Liberty,338301392,2024-08-04,88,true,"{""yellowtail"":60}"
Liberty,338301392,2024-08-14,87,true,{}
Liberty,338301392,2024-08-18,44,true,"{""bluefin"":51,""yellowtail"":42}"
Liberty,338301392,2024-08-20,20,true,"{""bluefin"":22,""yellowtail"":2}"
Liberty,338301392,2024-09-01,321,true,"{""bluefin"":54}"
Liberty,338301392,2024-09-02,194,true,"{""yellowtail"":30}"
Liberty,338301392,2024-09-08,53,true,"{""yellowtail"":1,""Bluefin Tuna (up to 160 pounds)"":78}"
Liberty,338301392,2025-06-06,44,true,"{""yellowtail"":4,""Sand Bass"":2,""Calico Bass"":2,""Whitefish"":85,""Rockfish"":4}"
Liberty,338301392,2025-08-04,137,true,"{""yellowtail"":14,""Halibut"":1,""Sculpin"":14,""Calico Bass"":7,""Whitefish"":75,""Rockfish"":11}"
Liberty,338301392,2025-08-05,190,true,"{""yellowtail"":60,""Barracuda"":11}"
Liberty,338301392,2025-08-06,55,true,"{""yellowtail"":32,""Sculpin"":4,""Whitefish"":52}"
Liberty,338301392,2025-08-22,6,true,"{""bluefin"":72}"
Liberty,338301392,2025-08-24,1,true,"{""bluefin"":44}"
Liberty,338301392,2025-09-07,218,true,"{""bluefin"":25,""Bonito"":42}"
Liberty,338301392,2025-09-10,1,true,"{""bluefin"":3,""yellowtail"":2,""dorado"":1}"
Liberty,338301392,2025-09-14,225,true,"{""bluefin"":68}"
Fortune,338425851,2021-10-18,415,true,"{""bluefin"":20}"
Fortune,338425851,2021-10-20,407,true,"{""Bluefin Tuna (up to 200 pounds)"":22}"
Fortune,338425851,2021-10-21,409,true,"{""yellowfin"":7,""yellowtail"":20,""dorado"":2,""skipjack"":6}"
Fortune,338425851,2021-10-31,307,true,"{""Bluefin Tuna (up to 200 pounds)"":7}"
Fortune,338425851,2022-04-03,419,true,"{""Bluefin Tuna (up to 40 pounds)"":76}"
Fortune,338425851,2022-04-07,251,true,"{""yellowtail"":90,""Bluefin Tuna (up to 100 pounds)"":72}"
Fortune,338425851,2022-04-11,306,true,"{""bluefin"":76,""yellowtail"":30}"
Fortune,338425851,2022-04-12,317,true,"{""bluefin"":76,""yellowtail"":30}"
Fortune,338425851,2022-04-14,354,true,"{""bluefin"":10,""yellowtail"":9}"
Fortune,338425851,2022-04-21,408,true,"{""bluefin"":64}"
Fortune,338425851,2022-04-24,424,true,"{""bluefin"":64}"
Fortune,338425851,2022-04-25,407,true,"{""Bluefin Tuna (up to 90 pounds)"":32}"
Fortune,338425851,2022-04-28,406,true,"{""bluefin"":60}"
Fortune,338425851,2022-05-02,425,true,"{""bluefin"":64}"
Fortune,338425851,2022-05-04,407,true,"{""Bluefin Tuna (up to 100 pounds)"":68}"
Fortune,338425851,2022-05-06,421,true,"{""Bluefin Tuna (up to 150 pounds)"":72}"
Fortune,338425851,2022-05-08,364,true,"{""yellowtail"":1,""Bluefin Tuna (up to 100 pounds)"":40}"
Fortune,338425851,2022-05-16,365,true,"{""bluefin"":6,""yellowtail"":71}"
Fortune,338425851,2022-05-18,416,true,"{""bluefin"":60}"
Fortune,338425851,2022-05-20,387,true,"{""yellowtail"":1,""Bluefin Tuna (up to 150 pounds)"":17}"
Fortune,338425851,2022-05-22,402,true,"{""bluefin"":36}"
Fortune,338425851,2022-05-25,389,true,"{""bluefin"":61,""yellowtail"":73}"
Fortune,338425851,2022-05-27,205,true,"{""bluefin"":72}"
Fortune,338425851,2022-05-30,203,true,"{""Bluefin Tuna (up to 240 pounds)"":64}"
Fortune,338425851,2022-06-02,238,true,"{""Bluefin Tuna (up to 220 pounds)"":16}"
Fortune,338425851,2022-06-06,195,true,"{""Bluefin Tuna (up to 110 pounds)"":68}"
Fortune,338425851,2022-06-09,306,true,"{""yellowtail"":3,""Bluefin Tuna (up to 120 pounds)"":47}"
Fortune,338425851,2022-06-13,289,true,"{""bluefin"":38}"
Fortune,338425851,2022-06-16,443,true,{}
Fortune,338425851,2022-06-19,420,true,"{""bluefin"":4}"
Fortune,338425851,2022-06-23,407,true,"{""bluefin"":15}"
Fortune,338425851,2022-06-27,344,true,"{""bluefin"":4,""yellowtail"":1,""Halibut"":1}"
Fortune,338425851,2022-06-30,317,true,"{""bluefin"":30}"
Fortune,338425851,2022-07-09,439,true,"{""yellowtail"":71,""dorado"":1}"
Fortune,338425851,2022-07-13,440,true,"{""yellowtail"":11,""Bluefin Tuna (up to 180 pounds)"":31}"
Fortune,338425851,2022-07-19,421,true,"{""Bluefin Tuna (up to 100 pounds)"":6}"
Fortune,338425851,2022-07-21,435,true,"{""bluefin"":27,""yellowtail"":1,""Halibut"":1,""White Seabass"":30}"
Fortune,338425851,2022-07-28,430,true,"{""bluefin"":4,""yellowfin"":2,""yellowtail"":90,""dorado"":5}"
Fortune,338425851,2022-08-01,418,true,"{""yellowtail"":77,""dorado"":15,""Bluefin Tuna (up to 200 pounds)"":80}"
Fortune,338425851,2022-08-03,419,true,"{""Bluefin Tuna (up to 200 pounds)"":64}"
Fortune,338425851,2022-08-07,427,true,"{""yellowtail"":47,""dorado"":6,""Bluefin Tuna (up to 200 pounds)"":72}"
Fortune,338425851,2022-08-08,396,true,"{""yellowfin"":1,""yellowtail"":24,""dorado"":36}"
Fortune,338425851,2022-08-09,432,true,"{""bluefin"":3,""yellowtail"":66,""dorado"":44}"
Fortune,338425851,2022-08-12,402,true,"{""bluefin"":1,""yellowtail"":48,""dorado"":15}"
Fortune,338425851,2022-08-16,405,true,"{""bluefin"":30,""yellowtail"":31}"
Fortune,338425851,2022-08-19,439,true,"{""bluefin"":16,""yellowtail"":11}"
Fortune,338425851,2022-08-21,409,true,"{""yellowtail"":35,""Bluefin Tuna (up to 200 pounds)"":63}"
Fortune,338425851,2022-08-24,391,true,"{""Bluefin Tuna (up to 200 pounds)"":48}"
Fortune,338425851,2022-08-25,425,true,"{""bluefin"":15,""yellowfin"":34,""dorado"":40}"
Fortune,338425851,2022-09-02,424,true,"{""yellowfin"":5,""yellowtail"":62,""dorado"":61,""Bluefin Tuna (up to 200 pounds)"":68}"
Fortune,338425851,2022-09-04,423,true,"{""bluefin"":64,""yellowfin"":9,""yellowtail"":7,""dorado"":230}"
Fortune,338425851,2022-09-06,851,true,"{""bluefin"":24}"
Fortune,338425851,2022-09-09,427,true,"{""yellowfin"":3,""dorado"":91,""Bluefin Tuna (up to 170 pounds)"":64}"
Fortune,338425851,2022-09-13,417,true,"{""yellowfin"":2,""dorado"":80,""Bluefin Tuna (up to 200 pounds)"":12}"
Fortune,338425851,2022-09-16,412,true,"{""yellowfin"":3,""dorado"":100,""Bluefin Tuna (up to 200 pounds)"":5}"
Fortune,338425851,2022-09-18,403,true,"{""yellowfin"":95,""dorado"":38}"
Fortune,338425851,2022-09-24,902,true,"{""bluefin"":72,""yellowfin"":5,""yellowtail"":10}"
Fortune,338425851,2022-10-02,418,true,"{""Bluefin Tuna (up to 200 pounds)"":36,""Yellowfin Tuna (up to 60 pounds)"":16}"
Fortune,338425851,2022-10-05,407,true,"{""dorado"":15,""Bluefin Tuna (up to 200 pounds)"":72}"
Fortune,338425851,2022-10-07,415,true,"{""Bluefin Tuna (up to 220 pounds)"":72}"
Fortune,338425851,2022-10-13,402,true,"{""yellowfin"":221,""yellowtail"":2,""dorado"":96}"
Fortune,338425851,2022-10-14,399,true,"{""yellowfin"":27,""yellowtail"":2,""dorado"":32}"
Fortune,338425851,2022-10-19,394,true,"{""bluefin"":52,""yellowfin"":1}"
Fortune,338425851,2022-10-22,396,true,"{""Bluefin Tuna (up to 100 pounds)"":50}"
Fortune,338425851,2022-10-23,403,true,{}
Fortune,338425851,2023-04-27,391,true,"{""yellowtail"":8,""Bluefin Tuna (up to 100 pounds)"":56}"
Fortune,338425851,2023-04-30,388,true,"{""bluefin"":36}"
Fortune,338425851,2023-05-04,392,true,"{""bluefin"":5,""yellowtail"":14}"
Fortune,338425851,2023-05-11,397,true,"{""Bluefin Tuna (up to 180 pounds)"":44}"
Fortune,338425851,2023-05-16,390,true,"{""yellowtail"":7,""Bluefin Tuna (up to 90 pounds)"":17}"
Fortune,338425851,2023-05-18,392,true,"{""bluefin"":12,""yellowtail"":7}"
Fortune,338425851,2023-05-23,408,true,"{""Bluefin Tuna (up to 150 pounds)"":35}"
Fortune,338425851,2023-05-25,401,true,"{""Bluefin Tuna (up to 100 pounds)"":33}"
Fortune,338425851,2023-05-30,404,true,"{""Bluefin Tuna (up to 100 pounds)"":5}"
Fortune,338425851,2023-06-11,420,true,"{""bluefin"":36}"
Fortune,338425851,2023-06-18,759,true,"{""bluefin"":7}"
Fortune,338425851,2023-06-25,373,true,"{""Bluefin Tuna (up to 150 pounds)"":58}"
Fortune,338425851,2023-06-26,389,true,"{""Bluefin Tuna (up to 150 pounds)"":58}"
Fortune,338425851,2023-06-30,342,true,"{""bluefin"":38}"
Fortune,338425851,2023-07-02,410,true,"{""bluefin"":16,""yellowfin"":1,""Bonito"":2}"
Fortune,338425851,2023-07-04,427,true,"{""bluefin"":5}"
Fortune,338425851,2023-07-07,390,true,"{""bluefin"":15}"
Fortune,338425851,2023-07-09,403,true,"{""bluefin"":72,""yellowfin"":6}"
Fortune,338425851,2023-07-11,399,true,"{""Bluefin Tuna (up to 120 pounds)"":20}"
Fortune,338425851,2023-07-14,409,true,"{""yellowtail"":5,""Bluefin Tuna (up to 270 pounds)"":30}"
Fortune,338425851,2023-07-17,396,true,"{""bluefin"":40,""yellowtail"":10}"
Fortune,338425851,2023-07-20,411,true,"{""bluefin"":72}"
Fortune,338425851,2023-07-23,406,true,"{""Bluefin Tuna (up to 120 pounds)"":60}"
Fortune,338425851,2023-07-25,412,true,"{""bluefin"":38}"
Fortune,338425851,2023-07-27,418,true,"{""bluefin"":60,""yellowfin"":1}"
Fortune,338425851,2023-08-10,448,true,"{""bluefin"":78,""yellowtail"":3,""dorado"":5}"
Fortune,338425851,2023-08-13,600,true,"{""yellowtail"":10,""Bluefin Tuna (up to 160 pounds)"":61}"
Fortune,338425851,2023-08-17,393,true,"{""Bluefin Tuna (up to 180 pounds)"":41}"
Fortune,338425851,2023-08-27,421,true,"{""Bluefin Tuna (up to 180 pounds)"":72,""Yellowtail (up to 35 pounds)"":8}"
Fortune,338425851,2023-08-31,418,true,{}
Fortune,338425851,2023-09-08,563,true,"{""bluefin"":7,""yellowfin"":1,""dorado"":30}"
Fortune,338425851,2023-09-10,540,true,"{""bluefin"":32,""yellowtail"":3}"
Fortune,338425851,2023-09-15,400,true,"{""yellowfin"":50,""Bluefin Tuna (up to 100 pounds)"":90}"
Fortune,338425851,2023-09-18,383,true,"{""yellowfin"":2,""dorado"":1,""Bluefin Tuna (up to 280 pounds)"":90}"
Fortune,338425851,2023-10-01,402,true,"{""bluefin"":12,""yellowfin"":100,""yellowtail"":1,""dorado"":20}"
Fortune,338425851,2023-10-08,395,true,"{""Bluefin Tuna (up to 190 pounds)"":64}"
Fortune,338425851,2023-10-26,411,true,"{""yellowfin"":201}"
Fortune,338425851,2024-06-02,421,true,"{""Bluefin Tuna (up to 120 pounds)"":15}"
Fortune,338425851,2024-06-09,426,true,"{""Bluefin Tuna (up to 80 pounds)"":19}"
Fortune,338425851,2024-06-16,398,true,"{""bluefin"":13,""yellowtail"":18}"
Fortune,338425851,2024-06-17,410,true,"{""bluefin"":12}"
Fortune,338425851,2024-06-23,432,true,"{""bluefin"":21,""yellowtail"":10,""Bonito"":2}"
Fortune,338425851,2024-06-24,422,true,"{""Bluefin Tuna (up to 150 pounds)"":1}"
Fortune,338425851,2024-06-28,505,true,"{""bluefin"":5,""Bonito"":14}"
Fortune,338425851,2024-07-07,419,true,"{""Bluefin Tuna (up to 180 pounds)"":9}"
Fortune,338425851,2024-07-11,390,true,"{""Bluefin Tuna (up to 170 pounds)"":14}"
Fortune,338425851,2024-07-29,426,true,"{""Bluefin Tuna (up to 200 pounds)"":64}"
Fortune,338425851,2024-07-31,414,true,"{""bluefin"":10}"
Fortune,338425851,2024-08-04,409,true,"{""bluefin"":18}"
Fortune,338425851,2024-08-06,423,true,"{""bluefin"":30,""yellowtail"":18}"
Fortune,338425851,2024-08-10,419,true,"{""bluefin"":36,""yellowtail"":14}"
Fortune,338425851,2024-08-14,436,true,"{""bluefin"":20,""yellowtail"":15}"
Fortune,338425851,2024-08-16,436,true,"{""bluefin"":3,""yellowtail"":20}"
Fortune,338425851,2024-08-19,419,true,"{""yellowtail"":50,""Bluefin Tuna (up to 140 pounds)"":4}"
Fortune,338425851,2024-08-28,410,true,"{""Bluefin Tuna (up to 160 pounds)"":30}"
Fortune,338425851,2024-08-30,434,true,"{""Bluefin Tuna (up to 130 pounds)"":30}"
Fortune,338425851,2024-09-02,434,true,"{""Bluefin Tuna (up to 130 pounds)"":34}"
Fortune,338425851,2024-09-08,433,true,"{""bluefin"":38}"
Fortune,338425851,2024-09-10,341,true,"{""bluefin"":32}"
Fortune,338425851,2024-09-11,386,true,"{""yellowtail"":7}"
Fortune,338425851,2024-09-15,353,true,"{""Bluefin Tuna (up to 100 pounds)"":18}"
Fortune,338425851,2024-09-23,312,true,"{""bluefin"":49,""yellowtail"":1}"
Fortune,338425851,2024-09-29,317,true,"{""bluefin"":42}"
Fortune,338425851,2024-10-03,392,true,"{""Bluefin Tuna (up to 100 pounds)"":100}"
Fortune,338425851,2024-10-06,363,true,"{""bluefin"":54}"
Fortune,338425851,2024-10-09,405,true,"{""bluefin"":22}"
Fortune,338425851,2024-10-12,421,true,"{""bluefin"":14}"
Fortune,338425851,2024-10-14,429,true,"{""bluefin"":16}"
Fortune,338425851,2024-10-26,415,true,"{""Yellowfin Tuna (up to 95 pounds)"":54}"
Fortune,338425851,2025-04-26,250,true,"{""bluefin"":7}"
Fortune,338425851,2025-06-01,407,true,"{""Bluefin Tuna (up to 140 pounds)"":31}"
Fortune,338425851,2025-06-27,404,true,"{""Bluefin Tuna (up to 120 pounds)"":20}"
Fortune,338425851,2025-06-30,380,true,"{""Bluefin Tuna (up to 160 pounds)"":5,""Rockfish"":250}"
Fortune,338425851,2025-07-04,334,true,"{""bluefin"":22,""yellowtail"":17}"
Fortune,338425851,2025-07-06,374,true,"{""bluefin"":19}"
Fortune,338425851,2025-07-13,361,true,"{""yellowtail"":2,""Bluefin Tuna (up to 200 pounds)"":28}"
Fortune,338425851,2025-07-18,370,true,"{""bluefin"":10}"
Fortune,338425851,2025-07-21,379,true,"{""Bluefin Tuna (up to 100 pounds)"":44}"
Fortune,338425851,2025-07-23,334,true,"{""bluefin"":52}"
Fortune,338425851,2025-07-25,311,true,"{""bluefin"":10}"
Fortune,338425851,2025-07-30,360,true,"{""bluefin"":46}"
Fortune,338425851,2025-08-01,361,true,"{""bluefin"":27}"
Fortune,338425851,2025-08-03,387,true,"{""bluefin"":68}"
Fortune,338425851,2025-08-05,395,true,"{""bluefin"":30}"
Fortune,338425851,2025-08-10,388,true,"{""bluefin"":6}"
Fortune,338425851,2025-08-15,353,true,"{""bluefin"":40}"
Fortune,338425851,2025-08-18,377,true,"{""yellowtail"":52,""Bluefin Tuna (up to 100 pounds)"":54}"
Fortune,338425851,2025-08-24,387,true,"{""bluefin"":55}"
Fortune,338425851,2025-08-31,411,true,"{""bluefin"":12}"
Fortune,338425851,2025-09-03,370,true,"{""bluefin"":28}"
Fortune,338425851,2025-09-05,366,true,"{""bluefin"":3,""yellowfin"":5,""yellowtail"":2}"
Fortune,338425851,2025-09-13,293,true,"{""bluefin"":34,""yellowtail"":2}"
Fortune,338425851,2025-09-15,306,true,"{""bluefin"":20}"
Fortune,338425851,2025-09-17,319,true,"{""bluefin"":30}"
Fortune,338425851,2025-09-21,363,true,"{""bluefin"":45}"
Fortune,338425851,2025-09-24,336,true,"{""bluefin"":57}"
Fortune,338425851,2025-09-26,315,true,"{""bluefin"":1,""yellowfin"":54,""yellowtail"":7,""dorado"":2}"
Fortune,338425851,2025-09-27,340,true,"{""yellowfin"":30}"
Fortune,338425851,2025-10-03,333,true,"{""Bluefin Tuna (up to 130 pounds)"":25,""Rockfish"":180}"
Fortune,338425851,2025-10-15,280,true,"{""bluefin"":27,""yellowfin"":4}"
Fortune,338425851,2025-10-19,256,true,"{""bluefin"":60}"
Grande,366746210,2020-06-13,553,true,"{""yellowtail"":103,""Barracuda"":20,""Calico Bass"":15}"
Grande,366746210,2020-06-14,570,true,"{""yellowtail"":25,""Barracuda"":1,""Calico Bass"":25,""Bonito"":30}"
Grande,366746210,2020-06-17,461,true,"{""yellowtail"":130,""Barracuda"":5,""Halibut"":3,""Calico Bass"":12}"
Grande,366746210,2020-06-18,325,true,"{""yellowtail"":134}"
Grande,366746210,2020-06-19,302,true,"{""yellowtail"":149,""Halibut"":2}"
Grande,366746210,2020-06-20,227,true,"{""yellowtail"":68}"
Grande,366746210,2020-06-21,503,true,"{""yellowtail"":45,""Barracuda"":67,""Bonito"":4,""Rockfish"":33}"
Grande,366746210,2020-06-22,436,true,"{""yellowtail"":23,""Barracuda"":54,""Bonito"":72}"
Grande,366746210,2020-06-23,258,true,"{""yellowtail"":58,""Bonito"":1,""Rockfish"":22}"
Grande,366746210,2020-06-24,330,true,"{""yellowtail"":35,""Calico Bass"":13,""Bonito"":3,""Rockfish"":12}"
Grande,366746210,2020-06-25,276,true,"{""yellowtail"":11,""Barracuda"":22,""Calico Bass"":20,""Rockfish"":30}"
Grande,366746210,2020-06-26,296,true,"{""yellowtail"":15,""Barracuda"":1,""Halibut"":1,""Calico Bass"":29,""Bonito"":2,""Rockfish"":46}"
Grande,366746210,2020-06-27,320,true,"{""yellowtail"":11,""Barracuda"":9,""Calico Bass"":31,""Rockfish"":27}"
Grande,366746210,2020-06-28,479,true,"{""yellowtail"":27,""Barracuda"":1,""Halibut"":1,""Calico Bass"":53,""Rockfish"":38}"
Grande,366746210,2020-06-29,499,true,"{""yellowtail"":17,""Barracuda"":30,""Calico Bass"":105,""Rockfish"":60}"
Grande,366746210,2020-06-30,460,true,"{""yellowtail"":15,""Barracuda"":27,""Sheephead"":3,""Calico Bass"":40,""Rockfish"":148}"
Grande,366746210,2020-07-01,462,true,"{""yellowtail"":2,""Barracuda"":21,""Calico Bass"":31,""Rockfish"":75}"
Grande,366746210,2020-07-02,416,true,"{""yellowtail"":9,""Barracuda"":56,""Halibut"":1,""Calico Bass"":58,""Rockfish"":96}"
Grande,366746210,2020-07-03,499,true,"{""yellowtail"":7,""Barracuda"":23,""Calico Bass"":56,""Rockfish"":30}"
Grande,366746210,2020-07-04,559,true,"{""yellowtail"":29,""Barracuda"":22,""Calico Bass"":75,""Rockfish"":19}"
Grande,366746210,2020-07-06,586,true,"{""yellowtail"":1,""Barracuda"":44,""Calico Bass"":72,""Rockfish"":38}"
Grande,366746210,2020-07-07,549,true,"{""Barracuda"":50,""Calico Bass"":80,""Rockfish"":130}"
Grande,366746210,2020-07-08,317,true,"{""bluefin"":13,""Bonito"":3}"
Grande,366746210,2020-07-09,231,true,"{""bluefin"":40,""yellowfin"":6,""Bonito"":1}"
Grande,366746210,2020-07-10,193,true,"{""bluefin"":19,""yellowfin"":7,""yellowtail"":7}"
Grande,366746210,2020-07-11,321,true,"{""yellowfin"":2,""yellowtail"":3,""Bonito"":16}"
Grande,366746210,2020-07-12,356,true,"{""bluefin"":20,""yellowfin"":1,""Bonito"":11}"
Grande,366746210,2020-07-13,277,true,"{""bluefin"":31}"
Grande,366746210,2020-07-14,610,true,"{""bluefin"":22,""yellowfin"":2,""yellowtail"":1}"
Grande,366746210,2020-07-15,607,true,"{""bluefin"":19,""yellowfin"":10}"
Grande,366746210,2020-07-16,506,true,"{""bluefin"":8}"
Grande,366746210,2020-07-17,313,true,"{""bluefin"":15,""yellowfin"":4,""yellowtail"":1}"
Grande,366746210,2020-07-18,360,true,"{""bluefin"":33,""yellowfin"":3,""yellowtail"":3}"
Grande,366746210,2020-07-19,306,true,"{""bluefin"":26,""yellowfin"":1,""Bonito"":1}"
Grande,366746210,2020-07-20,272,true,"{""bluefin"":23,""yellowfin"":22}"
Grande,366746210,2020-07-21,376,true,"{""bluefin"":19,""yellowfin"":17}"
Grande,366746210,2020-07-22,311,true,"{""bluefin"":13,""yellowfin"":3}"
Grande,366746210,2020-07-23,355,true,"{""bluefin"":12,""yellowfin"":5}"
Grande,366746210,2020-07-24,268,true,"{""bluefin"":5,""yellowfin"":1}"
Grande,366746210,2020-07-25,304,true,"{""bluefin"":5}"
Grande,366746210,2020-07-26,305,true,"{""bluefin"":18}"
Grande,366746210,2020-07-27,292,true,"{""bluefin"":4}"
Grande,366746210,2020-07-28,409,true,"{""bluefin"":23}"
Grande,366746210,2020-07-29,282,true,"{""bluefin"":30}"
Grande,366746210,2020-07-30,348,true,"{""bluefin"":49,""yellowfin"":4}"
Grande,366746210,2020-07-31,310,true,"{""bluefin"":6,""yellowfin"":3,""yellowtail"":12}"
Grande,366746210,2020-08-01,337,true,"{""bluefin"":61,""yellowfin"":1}"
Grande,366746210,2020-08-02,284,true,"{""bluefin"":4,""yellowfin"":2,""yellowtail"":11}"
Grande,366746210,2020-08-03,301,true,"{""bluefin"":24,""yellowfin"":3,""yellowtail"":2}"
Grande,366746210,2020-08-04,258,true,"{""bluefin"":4,""yellowtail"":16,""Yellowfin Tuna (up to 60 pounds)"":16}"
Grande,366746210,2020-08-05,306,true,"{""yellowfin"":4}"
Grande,366746210,2020-08-06,324,true,"{""yellowfin"":1,""yellowtail"":4}"
Grande,366746210,2020-08-07,278,true,{}
Grande,366746210,2020-08-09,318,true,"{""yellowfin"":3,""yellowtail"":1}"
Grande,366746210,2020-08-10,284,true,"{""yellowfin"":2}"
Grande,366746210,2020-08-11,354,true,{}
Grande,366746210,2020-08-12,295,true,"{""yellowtail"":3}"
Grande,366746210,2020-08-13,304,true,"{""yellowfin"":9}"
Grande,366746210,2020-08-14,342,true,"{""yellowfin"":1,""yellowtail"":2}"
Grande,366746210,2020-08-15,300,true,{}
Grande,366746210,2020-08-16,310,true,"{""yellowfin"":6,""yellowtail"":1}"
Grande,366746210,2020-08-17,332,true,"{""bluefin"":3,""yellowtail"":126}"
Grande,366746210,2020-08-18,344,true,"{""bluefin"":4,""yellowtail"":41}"
Grande,366746210,2020-08-20,562,true,"{""Bonito"":97}"
Grande,366746210,2020-08-21,523,true,"{""Barracuda"":14,""Bonito"":55,""Rockfish"":80}"
Grande,366746210,2020-08-22,324,true,{}
Grande,366746210,2020-08-23,451,true,"{""yellowtail"":85}"
Grande,366746210,2020-08-24,252,true,"{""dorado"":1,""Bonito"":1}"
Grande,366746210,2020-08-25,640,true,"{""yellowtail"":5,""dorado"":8,""Bonito"":8}"
Grande,366746210,2020-08-26,279,true,{}
Grande,366746210,2020-08-27,298,true,"{""yellowtail"":7,""dorado"":21}"
Grande,366746210,2020-08-28,391,true,"{""yellowfin"":5,""yellowtail"":2,""dorado"":11}"
Grande,366746210,2020-08-29,315,true,"{""yellowfin"":3,""yellowtail"":62,""dorado"":70}"
Grande,366746210,2020-08-30,312,true,"{""yellowfin"":2,""dorado"":70}"
Grande,366746210,2020-08-31,320,true,"{""dorado"":68}"
Grande,366746210,2020-09-01,457,true,"{""yellowtail"":38,""dorado"":72}"
Grande,366746210,2020-09-02,326,true,"{""yellowtail"":6,""dorado"":72,""Bonito"":3}"
Grande,366746210,2020-09-03,586,true,"{""yellowfin"":9,""yellowtail"":9,""dorado"":50}"
Grande,366746210,2020-09-04,265,true,"{""yellowfin"":11,""yellowtail"":2,""dorado"":76,""skipjack"":2}"
Grande,366746210,2020-09-05,291,true,"{""bluefin"":12,""yellowtail"":107,""Bonito"":50}"
Grande,366746210,2020-09-06,375,true,"{""yellowfin"":2,""yellowtail"":26,""dorado"":76}"
Grande,366746210,2020-09-07,639,true,"{""yellowtail"":39,""Bonito"":15,""Rockfish"":60}"
Grande,366746210,2020-09-08,159,true,"{""yellowfin"":2,""yellowtail"":46,""dorado"":76,""skipjack"":2}"
Grande,366746210,2020-09-09,207,true,"{""yellowfin"":2,""yellowtail"":80,""dorado"":72}"
Grande,366746210,2020-09-10,297,true,"{""yellowfin"":125,""yellowtail"":1,""dorado"":23,""skipjack"":22}"
Grande,366746210,2020-09-11,274,true,"{""yellowfin"":21,""yellowtail"":3,""dorado"":3,""skipjack"":1}"
Grande,366746210,2020-09-13,328,true,"{""yellowfin"":65,""yellowtail"":34,""dorado"":22,""skipjack"":10}"
Grande,366746210,2020-09-14,277,true,"{""yellowfin"":53,""skipjack"":2}"
Grande,366746210,2020-09-15,279,true,"{""yellowfin"":21,""yellowtail"":85,""dorado"":1,""skipjack"":1}"
Grande,366746210,2020-09-16,133,true,"{""yellowfin"":21,""yellowtail"":19}"
Grande,366746210,2020-09-17,120,true,"{""yellowfin"":58,""yellowtail"":49}"
Grande,366746210,2020-09-18,216,true,"{""yellowfin"":46,""dorado"":1}"
Grande,366746210,2020-09-19,140,true,"{""yellowfin"":53}"
Grande,366746210,2020-09-20,149,true,"{""yellowfin"":19,""yellowtail"":23,""dorado"":14}"
Grande,366746210,2020-09-21,373,true,"{""yellowfin"":10,""yellowtail"":4,""dorado"":4,""skipjack"":4}"
Grande,366746210,2020-09-23,278,true,"{""yellowfin"":3,""yellowtail"":11,""dorado"":5,""skipjack"":28}"
Grande,366746210,2020-09-24,311,true,"{""yellowfin"":11,""yellowtail"":14,""dorado"":8,""skipjack"":169}"
Grande,366746210,2020-09-25,243,true,"{""yellowfin"":24,""yellowtail"":21,""dorado"":25,""skipjack"":46}"
Grande,366746210,2020-09-26,225,true,"{""yellowtail"":6,""dorado"":26,""skipjack"":3}"
Grande,366746210,2020-09-27,241,true,"{""yellowtail"":4,""dorado"":76,""skipjack"":10}"
Grande,366746210,2020-09-28,293,true,"{""yellowfin"":14,""dorado"":74,""skipjack"":5}"
Grande,366746210,2020-09-29,292,true,"{""yellowfin"":38,""yellowtail"":5,""dorado"":76,""skipjack"":20}"
Grande,366746210,2020-09-30,307,true,"{""yellowfin"":186,""yellowtail"":6,""dorado"":57,""skipjack"":29}"
Grande,366746210,2020-10-01,293,true,"{""yellowfin"":84,""yellowtail"":6,""dorado"":45,""skipjack"":22}"
Grande,366746210,2020-10-02,345,true,"{""yellowfin"":2,""yellowtail"":10,""dorado"":9,""skipjack"":59}"
Grande,366746210,2020-10-03,325,true,"{""yellowfin"":1,""yellowtail"":22,""skipjack"":2,""Bonito"":48}"
Grande,366746210,2020-10-04,301,true,"{""yellowfin"":38,""yellowtail"":3,""dorado"":2,""skipjack"":31,""Bonito"":2}"
Grande,366746210,2020-10-05,343,true,"{""yellowfin"":26,""yellowtail"":21,""dorado"":2,""skipjack"":15}"
Grande,366746210,2020-10-06,435,true,"{""yellowtail"":6,""Bonito"":33}"
Grande,366746210,2020-10-07,275,true,"{""yellowfin"":77,""skipjack"":19}"
Grande,366746210,2020-10-08,163,true,"{""skipjack"":54}"
Grande,366746210,2020-10-09,227,true,"{""yellowfin"":24,""yellowtail"":80,""dorado"":18}"
Grande,366746210,2020-10-10,241,true,"{""yellowfin"":16,""yellowtail"":37,""dorado"":5}"
Grande,366746210,2020-10-11,218,true,"{""yellowfin"":3,""yellowtail"":190,""skipjack"":8}"
Grande,366746210,2020-10-12,332,true,"{""yellowtail"":190}"
Grande,366746210,2020-10-13,274,true,"{""yellowfin"":115,""yellowtail"":32,""dorado"":2,""skipjack"":28}"
Grande,366746210,2020-10-14,393,true,"{""yellowfin"":92,""yellowtail"":27,""dorado"":10,""skipjack"":15}"
Grande,366746210,2020-10-15,284,true,"{""yellowfin"":173,""yellowtail"":42,""dorado"":4,""skipjack"":54}"
Grande,366746210,2020-10-16,366,true,"{""yellowfin"":78,""yellowtail"":31,""dorado"":19,""skipjack"":116}"
Grande,366746210,2020-10-17,290,true,"{""yellowfin"":107,""yellowtail"":77,""dorado"":6,""skipjack"":22}"
Grande,366746210,2020-10-18,260,true,"{""yellowfin"":9,""yellowtail"":62,""dorado"":13,""skipjack"":43}"
Grande,366746210,2020-10-19,250,true,"{""yellowfin"":48,""yellowtail"":28,""dorado"":3,""skipjack"":58}"
Grande,366746210,2020-10-20,254,true,"{""yellowfin"":11,""yellowtail"":114,""dorado"":6,""skipjack"":11}"
Grande,366746210,2020-10-21,251,true,"{""yellowfin"":1,""yellowtail"":95,""dorado"":7,""skipjack"":10,""Bonito"":71}"
Grande,366746210,2020-10-22,239,true,"{""yellowfin"":71,""yellowtail"":25,""dorado"":7,""skipjack"":78}"
Grande,366746210,2020-10-23,242,true,"{""yellowfin"":70,""yellowtail"":6,""dorado"":5,""skipjack"":77}"
Grande,366746210,2020-10-24,379,true,"{""Bonito"":78,""Rockfish"":148}"
Grande,366746210,2020-10-25,320,true,"{""yellowfin"":12,""yellowtail"":8,""dorado"":8,""skipjack"":180,""Bonito"":3}"
Grande,366746210,2020-10-26,221,true,"{""yellowfin"":64,""yellowtail"":105,""dorado"":13,""skipjack"":110}"
Grande,366746210,2020-10-27,255,true,"{""yellowfin"":23,""yellowtail"":75,""dorado"":14,""skipjack"":13}"
Grande,366746210,2020-10-28,385,true,"{""yellowfin"":16,""yellowtail"":144,""dorado"":6,""skipjack"":9}"
Grande,366746210,2020-10-29,312,true,"{""yellowfin"":114,""yellowtail"":46,""dorado"":10,""skipjack"":53}"
Grande,366746210,2020-10-30,316,true,"{""yellowfin"":63,""yellowtail"":40,""dorado"":15,""skipjack"":108}"
Grande,366746210,2020-10-31,202,true,"{""yellowfin"":23,""yellowtail"":30,""dorado"":9,""skipjack"":14}"
Grande,366746210,2021-04-10,285,true,"{""yellowtail"":14,""Rockfish"":137}"
Grande,366746210,2021-04-11,306,true,"{""yellowtail"":24}"
Grande,366746210,2021-04-12,282,true,"{""Rockfish"":86}"
Grande,366746210,2021-04-14,515,true,"{""yellowtail"":2,""Calico Bass"":31,""Rockfish"":31}"
Grande,366746210,2021-04-16,407,true,"{""Rockfish"":132}"
Grande,366746210,2021-04-17,316,true,"{""yellowtail"":1,""Rockfish"":165,""Red Rockfish"":71}"
Grande,366746210,2021-04-18,305,true,"{""yellowtail"":9,""Rockfish"":78,""Red Rockfish"":124}"
Grande,366746210,2021-04-22,515,true,"{""Rockfish"":110,""Red Rockfish"":80}"
Grande,366746210,2021-04-23,405,true,"{""Rockfish"":137,""Red Rockfish"":42}"
Grande,366746210,2021-04-24,489,true,"{""yellowtail"":2,""Rockfish"":85}"
Grande,366746210,2021-04-29,294,true,"{""yellowtail"":58}"
Grande,366746210,2021-04-30,411,true,"{""yellowtail"":44}"
Grande,366746210,2021-05-01,315,true,"{""yellowtail"":5}"
Grande,366746210,2021-05-02,687,true,"{""yellowtail"":5}"
Grande,366746210,2021-05-05,255,true,"{""bluefin"":2,""yellowtail"":17}"
Grande,366746210,2021-05-06,185,true,"{""yellowtail"":14}"
Grande,366746210,2021-05-07,307,true,"{""bluefin"":3,""yellowtail"":9,""Bonito"":22}"
Grande,366746210,2021-05-09,357,true,"{""bluefin"":27,""yellowtail"":5}"
Grande,366746210,2021-05-10,312,true,"{""yellowtail"":9,""Bonito"":93}"
Grande,366746210,2021-05-11,266,true,"{""bluefin"":22}"
Grande,366746210,2021-05-12,270,true,"{""Bluefin Tuna (up to 50 pounds)"":31}"
Grande,366746210,2021-05-13,386,true,"{""bluefin"":4,""yellowtail"":1}"
Grande,366746210,2021-05-14,312,true,"{""yellowtail"":131}"
Grande,366746210,2021-05-15,159,true,"{""bluefin"":6}"
Grande,366746210,2021-05-16,285,true,"{""bluefin"":1}"
Grande,366746210,2021-05-17,310,true,"{""yellowtail"":10}"
Grande,366746210,2021-05-18,392,true,"{""yellowtail"":95}"
Grande,366746210,2021-05-19,580,true,"{""bluefin"":1,""yellowtail"":150}"
Grande,366746210,2021-05-23,236,true,"{""yellowtail"":35,""Calico Bass"":3}"
Grande,366746210,2021-05-24,181,true,"{""yellowtail"":38,""Calico Bass"":8,""Bonito"":32}"
Grande,366746210,2021-05-25,239,true,"{""yellowtail"":9,""Bonito"":78}"
Grande,366746210,2021-05-26,321,true,"{""yellowtail"":19,""Barracuda"":4,""Calico Bass"":22,""Bonito"":4}"
Grande,366746210,2021-05-27,295,true,"{""bluefin"":3,""yellowtail"":1}"
Grande,366746210,2021-05-28,359,true,"{""bluefin"":2,""yellowtail"":1}"
Grande,366746210,2021-05-29,362,true,"{""bluefin"":12}"
Grande,366746210,2021-05-30,282,true,"{""bluefin"":29}"
Grande,366746210,2021-05-31,300,true,"{""bluefin"":2,""Bonito"":56}"
Grande,366746210,2021-06-01,351,true,"{""bluefin"":2,""yellowtail"":15}"
Grande,366746210,2021-06-02,256,true,"{""bluefin"":8}"
Grande,366746210,2021-06-03,128,true,"{""yellowtail"":69}"
Grande,366746210,2021-06-04,342,true,"{""yellowtail"":1,""Bonito"":108}"
Grande,366746210,2021-06-05,297,true,"{""bluefin"":3}"
Grande,366746210,2021-06-06,351,true,"{""bluefin"":4,""Bonito"":5}"
Grande,366746210,2021-06-07,293,true,"{""bluefin"":7,""Bonito"":14}"
Grande,366746210,2021-06-08,365,true,"{""bluefin"":17}"
Grande,366746210,2021-06-10,391,true,"{""bluefin"":1,""yellowtail"":13,""Bonito"":5}"
Grande,366746210,2021-06-11,474,true,"{""bluefin"":6,""yellowtail"":2,""Bonito"":5}"
Grande,366746210,2021-06-12,363,true,"{""Bonito"":65}"
Grande,366746210,2021-06-13,355,true,"{""Bonito"":26}"
Grande,366746210,2021-06-14,334,true,"{""bluefin"":9,""yellowtail"":4,""Bonito"":2}"
Grande,366746210,2021-06-15,612,true,"{""bluefin"":4,""yellowtail"":20}"
Grande,366746210,2021-06-16,319,true,"{""bluefin"":16}"
Grande,366746210,2021-06-17,224,true,"{""bluefin"":38}"
Grande,366746210,2021-06-18,357,true,"{""bluefin"":48}"
Grande,366746210,2021-06-19,294,true,"{""bluefin"":38}"
Grande,366746210,2021-06-20,337,true,"{""bluefin"":3}"
Grande,366746210,2021-06-21,342,true,"{""bluefin"":16}"
Grande,366746210,2021-06-23,357,true,"{""bluefin"":12}"
Grande,366746210,2021-06-24,296,true,"{""bluefin"":31,""yellowtail"":1}"
Grande,366746210,2021-06-25,265,true,"{""bluefin"":70}"
Grande,366746210,2021-06-28,119,true,"{""bluefin"":7,""yellowfin"":1}"
Grande,366746210,2021-06-29,304,true,"{""bluefin"":7}"
Grande,366746210,2021-06-30,259,true,"{""bluefin"":2}"
Grande,366746210,2021-07-01,227,true,"{""bluefin"":2,""yellowtail"":55}"
Grande,366746210,2021-07-02,308,true,"{""bluefin"":13,""yellowtail"":1}"
Grande,366746210,2021-07-03,258,true,"{""bluefin"":14,""yellowfin"":1}"
Grande,366746210,2021-07-04,264,true,"{""bluefin"":1}"
Grande,366746210,2021-07-05,305,true,"{""bluefin"":20}"
Grande,366746210,2021-07-06,331,true,"{""bluefin"":17}"
Grande,366746210,2021-07-07,169,true,"{""bluefin"":7}"
Grande,366746210,2021-07-08,227,true,"{""bluefin"":25,""yellowfin"":1}"
Grande,366746210,2021-07-09,271,true,"{""bluefin"":3}"
Grande,366746210,2021-07-10,317,true,"{""bluefin"":1,""yellowtail"":58,""Barracuda"":96,""Halibut"":1,""Calico Bass"":38}"
Grande,366746210,2021-07-11,356,true,"{""bluefin"":26}"
Grande,366746210,2021-07-12,345,true,"{""bluefin"":41}"
Grande,366746210,2021-07-13,569,true,"{""bluefin"":19,""yellowfin"":2}"
Grande,366746210,2021-07-14,589,true,"{""bluefin"":24,""yellowfin"":1}"
Grande,366746210,2021-07-15,399,true,"{""bluefin"":26}"
Grande,366746210,2021-07-16,699,true,"{""bluefin"":13}"
Grande,366746210,2021-07-18,233,true,"{""bluefin"":10,""yellowfin"":6,""yellowtail"":2,""Bonito"":2}"
Grande,366746210,2021-07-19,244,true,"{""bluefin"":2,""yellowfin"":1,""yellowtail"":12}"
Grande,366746210,2021-07-20,180,true,"{""yellowtail"":76}"
Grande,366746210,2021-07-21,189,true,"{""yellowtail"":20,""Bonito"":3}"
Grande,366746210,2021-07-22,338,true,"{""yellowtail"":59,""dorado"":4}"
Grande,366746210,2021-07-23,314,true,"{""yellowtail"":70,""dorado"":2}"
Grande,366746210,2021-07-24,471,true,"{""yellowtail"":2,""Barracuda"":45,""Calico Bass"":34,""Rockfish"":148}"
Grande,366746210,2021-07-25,259,true,"{""yellowtail"":23,""Bonito"":8}"
Grande,366746210,2021-07-26,306,true,"{""yellowtail"":17,""Bonito"":1}"
Grande,366746210,2021-07-27,333,true,"{""yellowtail"":16,""dorado"":3}"
Grande,366746210,2021-07-28,437,true,"{""bluefin"":2}"
Grande,366746210,2021-07-29,672,true,"{""bluefin"":1}"
Grande,366746210,2021-07-30,338,true,"{""bluefin"":3}"
Grande,366746210,2021-07-31,142,true,"{""Bonito"":16}"
Grande,366746210,2021-08-02,660,true,"{""bluefin"":7,""yellowfin"":2,""yellowtail"":1}"
Grande,366746210,2021-08-04,574,true,{}
Grande,366746210,2021-08-05,612,true,"{""bluefin"":15,""yellowfin"":2}"
Grande,366746210,2021-08-06,792,true,"{""bluefin"":41,""yellowfin"":9}"
Grande,366746210,2021-08-07,487,true,"{""bluefin"":54,""yellowfin"":4}"
Grande,366746210,2021-08-08,390,true,"{""bluefin"":8}"
Grande,366746210,2021-08-09,378,true,"{""bluefin"":48,""yellowfin"":1}"
Grande,366746210,2021-08-10,629,true,"{""bluefin"":2,""yellowfin"":4,""yellowtail"":2,""dorado"":2}"
Grande,366746210,2021-08-11,372,true,"{""bluefin"":2,""yellowtail"":1}"
Grande,366746210,2021-08-12,316,true,"{""yellowtail"":73,""dorado"":5,""Bonito"":3}"
Grande,366746210,2021-08-13,378,true,"{""yellowtail"":84,""Bonito"":25,""Rockfish"":60}"
Grande,366746210,2021-08-14,497,true,"{""bluefin"":12}"
Grande,366746210,2021-08-15,578,true,"{""yellowtail"":6,""dorado"":3}"
Grande,366746210,2021-08-19,263,true,"{""yellowfin"":5,""yellowtail"":10,""dorado"":43}"
Grande,366746210,2021-08-20,267,true,"{""yellowtail"":20,""Barracuda"":25,""Calico Bass"":8}"
Grande,366746210,2021-08-21,377,true,"{""yellowtail"":1,""dorado"":48}"
Grande,366746210,2021-08-22,285,true,"{""bluefin"":1,""yellowtail"":44,""dorado"":35,""Bonito"":6}"
Grande,366746210,2021-08-23,230,true,"{""yellowtail"":152,""Bonito"":16}"
Grande,366746210,2021-08-24,217,true,"{""yellowtail"":4,""dorado"":15}"
Grande,366746210,2021-08-25,274,true,"{""yellowtail"":5,""dorado"":35}"
Grande,366746210,2021-08-26,242,true,"{""yellowfin"":2,""dorado"":52}"
Grande,366746210,2021-08-27,281,true,"{""yellowtail"":80,""Bonito"":5}"
Grande,366746210,2021-08-31,485,true,"{""bluefin"":16,""yellowtail"":10,""Bonito"":50}"
Grande,366746210,2021-09-01,215,true,"{""yellowtail"":2,""Rockfish"":120}"
Grande,366746210,2021-09-02,182,true,"{""yellowtail"":1,""Rockfish"":94}"
Grande,366746210,2021-09-03,340,true,"{""yellowfin"":14}"
Grande,366746210,2021-09-04,616,true,{}
Grande,366746210,2021-09-06,312,true,"{""dorado"":1}"
Grande,366746210,2021-09-08,308,true,"{""yellowfin"":20}"
Grande,366746210,2021-09-09,161,true,{}
Grande,366746210,2021-09-10,279,true,"{""yellowtail"":1,""Rockfish"":150,""Red Rockfish"":123}"
Grande,366746210,2021-09-11,344,true,"{""yellowtail"":1,""dorado"":17}"
Grande,366746210,2021-09-12,355,true,"{""bluefin"":1}"
Grande,366746210,2021-09-13,338,true,"{""dorado"":3}"
Grande,366746210,2021-09-15,272,true,"{""dorado"":22}"
Grande,366746210,2021-09-16,304,true,"{""yellowfin"":1,""dorado"":7}"
Grande,366746210,2021-09-23,490,true,"{""bluefin"":60,""yellowtail"":2}"
Grande,366746210,2021-09-24,295,true,"{""bluefin"":2,""yellowfin"":4}"
Grande,366746210,2021-09-25,210,true,"{""Bonito"":21,""Rockfish"":140}"
Grande,366746210,2021-09-26,419,true,"{""yellowfin"":33,""skipjack"":36}"
Grande,366746210,2021-09-28,688,true,"{""bluefin"":52}"
Grande,366746210,2021-10-01,290,true,"{""yellowtail"":1,""dorado"":2}"
Grande,366746210,2021-10-02,186,true,"{""bluefin"":2,""yellowfin"":2,""yellowtail"":67,""skipjack"":1}"
Grande,366746210,2021-10-03,569,true,"{""bluefin"":1,""yellowtail"":28,""Calico Bass"":17,""Bonito"":17,""Rockfish"":230}"
Grande,366746210,2021-10-05,695,true,"{""bluefin"":21,""yellowfin"":1,""yellowtail"":4}"
Grande,366746210,2021-10-07,434,true,"{""bluefin"":12}"
Grande,366746210,2021-10-09,400,true,"{""Bonito"":14,""Rockfish"":100,""Red Rockfish"":30}"
Grande,366746210,2021-10-10,300,true,"{""yellowtail"":1,""Bonito"":2,""Rockfish"":147}"
Grande,366746210,2021-10-15,356,true,"{""Bonito"":52,""Rockfish"":85,""Red Rockfish"":45}"
Grande,366746210,2021-10-17,574,true,"{""Bluefin Tuna (up to 100 pounds)"":3}"
Grande,366746210,2021-10-31,470,true,"{""bluefin"":6}"
Grande,366746210,2022-03-19,303,true,{}
Grande,366746210,2022-03-26,217,true,"{""yellowtail"":12}"
Grande,366746210,2022-03-27,269,true,"{""Whitefish"":95,""Rockfish"":42,""Red Rockfish"":45}"
Grande,366746210,2022-03-28,392,true,"{""Whitefish"":95,""Rockfish"":42,""Red Rockfish"":45}"
Grande,366746210,2022-03-31,257,true,"{""Rockfish"":82,""Red Rockfish"":34}"
Grande,366746210,2022-04-01,274,true,"{""yellowtail"":7,""Rockfish"":32}"
Grande,366746210,2022-04-02,268,true,"{""yellowtail"":9}"
Grande,366746210,2022-04-08,188,true,"{""yellowtail"":10,""Whitefish"":100,""Rockfish"":23}"
Grande,366746210,2022-04-09,510,true,"{""yellowtail"":4,""Rockfish"":171}"
Grande,366746210,2022-04-23,317,true,"{""Whitefish"":90,""Rockfish"":40}"
Grande,366746210,2022-04-29,335,true,"{""yellowtail"":14}"
Grande,366746210,2022-04-30,392,true,"{""bluefin"":18}"
Grande,366746210,2022-05-01,282,true,"{""Bluefin Tuna (up to 120 pounds)"":18}"
Grande,366746210,2022-05-02,336,true,"{""bluefin"":14,""yellowtail"":2,""Bonito"":1}"
Grande,366746210,2022-05-03,321,true,"{""bluefin"":6,""Bonito"":1}"
Grande,366746210,2022-05-04,347,true,"{""bluefin"":8}"
Grande,366746210,2022-05-06,312,true,"{""bluefin"":4}"
Grande,366746210,2022-05-07,352,true,"{""bluefin"":6,""yellowtail"":12}"
Grande,366746210,2022-05-13,363,true,"{""Bluefin Tuna (up to 140 pounds)"":3}"
Grande,366746210,2022-05-14,299,true,"{""bluefin"":4,""yellowtail"":1}"
Grande,366746210,2022-05-15,219,true,"{""bluefin"":15}"
Grande,366746210,2022-05-18,341,true,"{""bluefin"":2}"
Grande,366746210,2022-05-21,423,true,"{""bluefin"":1,""yellowtail"":32}"
Grande,366746210,2022-05-22,266,true,"{""yellowtail"":1,""Bluefin Tuna (up to 140 pounds)"":5}"
Grande,366746210,2022-05-24,267,true,"{""bluefin"":2,""yellowtail"":47,""Bonito"":1}"
Grande,366746210,2022-05-27,89,true,"{""bluefin"":4}"
Grande,366746210,2022-05-29,95,true,"{""Bluefin Tuna (up to 180 pounds)"":13}"
Grande,366746210,2022-05-30,159,true,"{""bluefin"":32}"
Grande,366746210,2022-05-31,247,true,"{""Bluefin Tuna (up to 200 pounds)"":19}"
Grande,366746210,2022-06-03,525,true,"{""bluefin"":60}"
Grande,366746210,2022-06-05,403,true,"{""bluefin"":25}"
Grande,366746210,2022-06-06,108,true,"{""Bluefin Tuna (up to 100 pounds)"":18}"
Grande,366746210,2022-06-07,158,true,"{""bluefin"":23}"
Grande,366746210,2022-06-08,146,true,"{""Bluefin Tuna (up to 150 pounds)"":3}"
Grande,366746210,2022-06-09,190,true,"{""bluefin"":5}"
Grande,366746210,2022-06-12,261,true,"{""Bluefin Tuna (up to 150 pounds)"":26,""Louvar"":1}"
Grande,366746210,2022-06-13,316,true,"{""bluefin"":16,""Escolar"":1}"
Grande,366746210,2022-06-14,250,true,"{""bluefin"":50,""Escolar"":1}"
Grande,366746210,2022-06-17,310,true,{}
Grande,366746210,2022-06-18,364,true,{}
Grande,366746210,2022-06-19,343,true,"{""Bluefin Tuna (up to 200 pounds)"":4}"
Grande,366746210,2022-06-20,344,true,"{""bluefin"":1}"
Grande,366746210,2022-06-21,274,true,"{""Bluefin Tuna (up to 60 pounds)"":8}"
Grande,366746210,2022-06-23,312,true,"{""bluefin"":4}"
Grande,366746210,2022-06-24,329,true,"{""bluefin"":1}"
Grande,366746210,2022-06-25,222,true,"{""Bonito"":19}"
Grande,366746210,2022-06-27,332,true,{}
Grande,366746210,2022-06-30,250,true,"{""yellowtail"":1,""Barracuda"":70,""Calico Bass"":50,""Rockfish"":19}"
Grande,366746210,2022-07-01,191,true,"{""yellowtail"":17,""Barracuda"":62,""Halibut"":1,""Calico Bass"":9}"
Grande,366746210,2022-07-02,187,true,"{""yellowtail"":19,""Barracuda"":11,""Calico Bass"":5,""Rockfish"":22}"
Grande,366746210,2022-07-03,193,true,"{""yellowtail"":5,""Barracuda"":3,""Calico Bass"":48}"
Grande,366746210,2022-07-06,99,true,"{""yellowtail"":4,""Barracuda"":54,""Calico Bass"":32,""Rockfish"":10}"
Grande,366746210,2022-07-08,215,true,"{""yellowtail"":9,""Barracuda"":3,""Calico Bass"":5,""Rockfish"":89}"
Grande,366746210,2022-07-09,269,true,"{""yellowtail"":6,""Halibut"":1,""Calico Bass"":16,""Lingcod"":1,""Rockfish"":75}"
Grande,366746210,2022-07-10,451,true,"{""yellowtail"":11,""Barracuda"":52,""Calico Bass"":43,""Lingcod"":2,""Rockfish"":58}"
Grande,366746210,2022-07-11,196,true,"{""yellowtail"":5,""Bonito"":87}"
Grande,366746210,2022-07-12,279,true,"{""yellowtail"":85,""dorado"":3,""Bonito"":82}"
Grande,366746210,2022-07-13,243,true,"{""yellowfin"":1,""yellowtail"":100,""dorado"":1}"
Grande,366746210,2022-07-14,306,true,"{""yellowtail"":30,""dorado"":1,""Bonito"":32}"
Grande,366746210,2022-07-15,268,true,"{""yellowtail"":106,""Bonito"":18}"
Grande,366746210,2022-07-16,367,true,"{""yellowtail"":117,""dorado"":23}"
Grande,366746210,2022-07-17,315,true,"{""yellowtail"":85,""dorado"":5,""Bonito"":5}"
Grande,366746210,2022-07-18,283,true,"{""bluefin"":2,""yellowtail"":73,""dorado"":4,""Bonito"":13}"
Grande,366746210,2022-07-19,290,true,"{""yellowtail"":116,""dorado"":6,""Bonito"":4}"
Grande,366746210,2022-07-20,239,true,"{""bluefin"":2,""yellowtail"":119,""dorado"":4,""Bonito"":16}"
Grande,366746210,2022-07-21,312,true,"{""yellowfin"":1,""yellowtail"":9,""dorado"":1}"
Grande,366746210,2022-07-22,175,true,"{""yellowfin"":2,""yellowtail"":51,""dorado"":9}"
Grande,366746210,2022-07-23,177,true,"{""yellowtail"":115,""dorado"":30}"
Grande,366746210,2022-07-24,143,true,"{""yellowtail"":17,""Calico Bass"":5,""Rockfish"":8}"
Grande,366746210,2022-08-05,297,true,"{""yellowtail"":137,""dorado"":62,""Halibut"":1}"
Grande,366746210,2022-08-06,215,true,"{""yellowtail"":14,""dorado"":39}"
Grande,366746210,2022-08-08,219,true,"{""yellowtail"":5,""dorado"":72}"
Grande,366746210,2022-08-09,303,true,"{""yellowtail"":6,""dorado"":54}"
Grande,366746210,2022-08-10,232,true,"{""bluefin"":1,""yellowtail"":24,""dorado"":36}"
Grande,366746210,2022-08-11,379,true,"{""yellowtail"":6,""dorado"":28}"
Grande,366746210,2022-08-12,880,true,"{""yellowtail"":19,""dorado"":15}"
Grande,366746210,2022-08-13,307,true,"{""yellowtail"":70,""dorado"":10}"
Grande,366746210,2022-08-14,334,true,"{""bluefin"":1,""yellowfin"":3,""yellowtail"":8,""dorado"":27}"
Grande,366746210,2022-08-15,187,true,"{""yellowtail"":19,""dorado"":15}"
Grande,366746210,2022-08-16,506,true,"{""yellowtail"":19,""dorado"":15}"
Grande,366746210,2022-08-17,321,true,"{""yellowfin"":12,""yellowtail"":10,""dorado"":41}"
Grande,366746210,2022-08-18,254,true,"{""bluefin"":10,""yellowfin"":6,""dorado"":5}"
Grande,366746210,2022-08-19,293,true,"{""bluefin"":2,""yellowfin"":4,""yellowtail"":10,""dorado"":68}"
Grande,366746210,2022-08-20,293,true,"{""yellowfin"":5,""yellowtail"":1,""dorado"":20}"
Grande,366746210,2022-08-21,310,true,"{""bluefin"":17,""yellowfin"":24,""dorado"":4}"
Grande,366746210,2022-08-23,418,true,"{""bluefin"":41,""yellowfin"":10,""yellowtail"":13,""dorado"":26}"
Grande,366746210,2022-08-24,206,true,"{""bluefin"":8,""yellowfin"":6,""dorado"":17}"
Grande,366746210,2022-08-25,290,true,"{""yellowtail"":30,""Barracuda"":8,""Calico Bass"":8,""Rockfish"":11}"
Grande,366746210,2022-08-26,198,true,"{""bluefin"":1,""yellowfin"":87,""yellowtail"":3,""dorado"":17}"
Grande,366746210,2022-08-27,625,true,"{""yellowfin"":1,""yellowtail"":2,""dorado"":58}"
Grande,366746210,2022-08-28,321,true,"{""dorado"":81}"
Grande,366746210,2022-08-31,422,true,"{""bluefin"":47,""yellowfin"":3,""dorado"":237}"
Grande,366746210,2022-09-01,380,true,"{""bluefin"":20,""yellowfin"":5,""dorado"":3}"
Grande,366746210,2022-09-02,482,true,"{""yellowtail"":84,""Rockfish"":82}"
Grande,366746210,2022-09-03,534,true,"{""yellowtail"":71}"
Grande,366746210,2022-09-04,240,true,"{""yellowtail"":25,""Barracuda"":7,""Calico Bass"":7,""Bonito"":49}"
Grande,366746210,2022-09-05,272,true,"{""yellowtail"":42,""Barracuda"":10,""Calico Bass"":18,""Bonito"":4}"
Grande,366746210,2022-09-07,430,true,"{""bluefin"":66,""yellowfin"":26,""dorado"":5}"
Grande,366746210,2022-09-08,198,true,"{""yellowfin"":5,""Bonito"":1}"
Grande,366746210,2022-09-12,281,true,"{""yellowfin"":6,""dorado"":8}"
Grande,366746210,2022-09-13,268,true,"{""yellowfin"":25,""dorado"":11}"
Grande,366746210,2022-09-14,230,true,"{""yellowfin"":9,""dorado"":56}"
Grande,366746210,2022-09-15,284,true,"{""yellowfin"":4,""dorado"":54}"
Grande,366746210,2022-09-16,106,true,"{""yellowfin"":51,""yellowtail"":3,""dorado"":31,""skipjack"":1}"
Grande,366746210,2022-09-17,6,true,"{""yellowfin"":120,""dorado"":38}"
Grande,366746210,2022-09-18,185,true,"{""yellowfin"":181,""yellowtail"":2,""dorado"":43,""skipjack"":10}"
Grande,366746210,2022-09-19,281,true,"{""dorado"":11}"
Grande,366746210,2022-09-20,221,true,"{""bluefin"":38,""yellowfin"":1,""dorado"":12}"
Grande,366746210,2022-09-21,238,true,{}
Grande,366746210,2022-09-22,338,true,"{""dorado"":64}"
Grande,366746210,2022-09-24,290,true,"{""dorado"":58}"
Grande,366746210,2022-09-25,352,true,"{""dorado"":44}"
Grande,366746210,2022-09-26,226,true,"{""dorado"":32}"
Grande,366746210,2022-09-27,113,true,"{""bluefin"":4,""yellowfin"":2,""dorado"":66}"
Grande,366746210,2022-09-28,335,true,"{""bluefin"":17,""yellowfin"":2,""dorado"":46}"
Grande,366746210,2022-09-29,373,true,"{""bluefin"":6,""yellowfin"":2,""dorado"":72,""Bonito"":15}"
Grande,366746210,2022-09-30,527,true,"{""yellowfin"":3,""yellowtail"":1,""dorado"":50}"
Grande,366746210,2022-10-01,81,true,"{""bluefin"":7,""yellowfin"":28,""dorado"":62}"
Grande,366746210,2022-10-02,286,true,"{""yellowtail"":46,""Bonito"":23,""Rockfish"":8}"
Grande,366746210,2022-10-03,254,true,"{""bluefin"":16,""yellowfin"":1}"
Grande,366746210,2022-10-04,273,true,"{""bluefin"":3,""yellowfin"":69}"
Grande,366746210,2022-10-05,290,true,"{""bluefin"":16,""yellowfin"":2,""dorado"":49}"
Grande,366746210,2022-10-06,276,true,"{""bluefin"":54,""dorado"":33}"
Grande,366746210,2022-10-07,345,true,"{""yellowtail"":98,""Bonito"":41}"
Grande,366746210,2022-10-09,506,true,"{""yellowfin"":98,""yellowtail"":1,""dorado"":62}"
Grande,366746210,2022-10-10,297,true,"{""yellowfin"":1,""dorado"":64}"
Grande,366746210,2022-10-11,284,true,"{""dorado"":105}"
Grande,366746210,2022-10-14,307,true,"{""yellowfin"":58,""dorado"":12,""skipjack"":1,""Bonito"":46}"
Grande,366746210,2022-10-16,111,true,"{""dorado"":64}"
Grande,366746210,2022-10-20,626,true,"{""dorado"":15}"
Grande,366746210,2022-10-21,465,true,"{""yellowtail"":46,""Bonito"":95}"
Grande,366746210,2022-10-22,336,true,"{""bluefin"":3,""dorado"":15,""Bonito"":3}"
Grande,366746210,2022-10-23,599,true,"{""dorado"":23}"
Grande,366746210,2022-10-29,281,true,"{""yellowfin"":120}"
Grande,366746210,2023-04-15,479,true,"{""Whitefish"":61,""Rockfish"":78}"
Grande,366746210,2023-04-22,430,true,"{""bluefin"":6,""yellowtail"":1,""Bonito"":26}"
Grande,366746210,2023-04-23,421,true,"{""yellowtail"":2,""Bonito"":1}"
Grande,366746210,2023-04-28,416,true,"{""Bonito"":1}"
Grande,366746210,2023-04-29,452,true,"{""bluefin"":2,""yellowtail"":20,""Bonito"":42}"
Grande,366746210,2023-04-30,443,true,"{""bluefin"":1,""yellowtail"":10,""Bonito"":1}"
Grande,366746210,2023-05-06,441,true,"{""Lingcod"":3,""Whitefish"":74,""Rockfish"":64}"
Grande,366746210,2023-05-07,687,true,"{""yellowtail"":56}"
Grande,366746210,2023-05-12,489,true,"{""yellowtail"":2}"
Grande,366746210,2023-05-13,485,true,"{""yellowtail"":27}"
Grande,366746210,2023-05-15,441,true,"{""yellowtail"":135}"
Grande,366746210,2023-05-17,297,true,"{""yellowtail"":51,""Bonito"":20,""Spanish Jack"":6}"
Grande,366746210,2023-05-18,327,true,"{""yellowtail"":3,""Spanish Jack"":14}"
Grande,366746210,2023-05-20,380,true,"{""bluefin"":1,""yellowtail"":2,""Bonito"":2}"
Grande,366746210,2023-05-21,275,true,"{""bluefin"":4}"
Grande,366746210,2023-05-22,342,true,"{""bluefin"":1,""yellowtail"":4}"
Grande,366746210,2023-05-23,308,true,"{""yellowtail"":59,""Bonito"":2}"
Grande,366746210,2023-05-24,417,true,"{""yellowtail"":29}"
Grande,366746210,2023-05-26,373,true,"{""yellowtail"":10}"
Grande,366746210,2023-05-27,286,true,"{""Bluefin Tuna (up to 150 pounds)"":3}"
Grande,366746210,2023-05-28,252,true,"{""bluefin"":2}"
Grande,366746210,2023-05-29,417,true,"{""bluefin"":1}"
Grande,366746210,2023-06-02,321,true,"{""bluefin"":1,""yellowtail"":3}"
Grande,366746210,2023-06-03,270,true,"{""bluefin"":2}"
Grande,366746210,2023-06-04,290,true,"{""yellowtail"":29}"
Grande,366746210,2023-06-06,236,true,"{""Bluefin Tuna (up to 80 pounds)"":7}"
Grande,366746210,2023-06-08,374,true,"{""bluefin"":7}"
Grande,366746210,2023-06-09,315,true,"{""yellowtail"":3}"
Grande,366746210,2023-06-11,360,true,"{""yellowtail"":32}"
Grande,366746210,2023-06-16,294,true,"{""bluefin"":17}"
Grande,366746210,2023-06-17,558,true,"{""Barracuda"":34,""Sheephead"":1,""Calico Bass"":3,""Lingcod"":5,""Whitefish"":54,""Rockfish"":44}"
Grande,366746210,2023-06-18,507,true,"{""Barracuda"":110,""Rockfish"":110}"
Grande,366746210,2023-06-19,439,true,"{""Barracuda"":64,""Calico Bass"":8,""Lingcod"":2,""Rockfish"":148}"
Grande,366746210,2023-06-22,501,true,"{""yellowtail"":5,""Barracuda"":48,""Lingcod"":3,""Whitefish"":11,""Rockfish"":83}"
Grande,366746210,2023-06-24,502,true,"{""Barracuda"":63,""Calico Bass"":12,""Lingcod"":4,""Whitefish"":47,""Rockfish"":107}"
Grande,366746210,2023-06-25,506,true,"{""yellowtail"":4,""Barracuda"":95,""Calico Bass"":15,""Lingcod"":2,""Whitefish"":20,""Rockfish"":45,""White Seabass"":1}"
Grande,366746210,2023-06-26,508,true,"{""yellowtail"":17,""Barracuda"":90}"
Grande,366746210,2023-06-28,496,true,"{""yellowtail"":3,""Barracuda"":40,""Lingcod"":6,""Whitefish"":21,""Rockfish"":44}"
Grande,366746210,2023-06-29,528,true,"{""yellowtail"":7,""Barracuda"":65,""Lingcod"":3,""Rockfish"":60}"
Grande,366746210,2023-06-30,305,true,"{""bluefin"":10,""yellowfin"":3}"
Grande,366746210,2023-07-01,464,true,"{""yellowtail"":5,""Barracuda"":2,""Sheephead"":2,""Lingcod"":1,""Whitefish"":48,""Rockfish"":130}"
Grande,366746210,2023-07-03,488,true,"{""yellowtail"":7,""Barracuda"":128,""Lingcod"":1,""Whitefish"":16,""Rockfish"":15}"
Grande,366746210,2023-07-04,317,true,"{""bluefin"":58,""yellowfin"":3}"
Grande,366746210,2023-07-05,255,true,"{""bluefin"":2,""yellowfin"":1}"
Grande,366746210,2023-07-06,396,true,"{""yellowtail"":1}"
Grande,366746210,2023-07-07,235,true,"{""bluefin"":46,""yellowfin"":7,""yellowtail"":3}"
Grande,366746210,2023-07-08,250,true,"{""bluefin"":16}"
Grande,366746210,2023-07-09,312,true,"{""bluefin"":1,""Bonito"":10}"
Grande,366746210,2023-07-10,250,true,"{""bluefin"":1}"
Grande,366746210,2023-07-11,289,true,"{""bluefin"":32,""yellowfin"":6}"
Grande,366746210,2023-07-12,287,true,"{""bluefin"":37,""yellowfin"":6}"
Grande,366746210,2023-07-13,642,true,"{""bluefin"":14}"
Grande,366746210,2023-07-14,378,true,"{""bluefin"":6,""yellowfin"":7}"
Grande,366746210,2023-07-15,410,true,"{""bluefin"":5,""yellowfin"":12}"
Grande,366746210,2023-07-16,288,true,"{""bluefin"":11}"
Grande,366746210,2023-07-17,260,true,"{""yellowfin"":9}"
Grande,366746210,2023-07-18,389,true,"{""yellowfin"":15}"
Grande,366746210,2023-07-19,322,true,"{""bluefin"":15,""yellowfin"":2}"
Grande,366746210,2023-07-20,319,true,"{""bluefin"":25,""yellowtail"":8}"
Grande,366746210,2023-07-21,389,true,"{""bluefin"":8,""Bonito"":25}"
Grande,366746210,2023-07-22,579,true,"{""yellowtail"":6,""Lingcod"":2,""Whitefish"":88,""Rockfish"":121}"
Grande,366746210,2023-07-23,390,true,"{""bluefin"":17,""yellowfin"":16}"
Grande,366746210,2023-07-24,353,true,"{""bluefin"":35}"
Grande,366746210,2023-07-25,350,true,"{""bluefin"":10,""yellowfin"":30}"
Grande,366746210,2023-07-26,333,true,"{""bluefin"":24,""Bonito"":3}"
Grande,366746210,2023-07-27,396,true,"{""yellowfin"":1,""yellowtail"":8}"
Grande,366746210,2023-07-28,533,true,"{""dorado"":7}"
Grande,366746210,2023-07-29,372,true,"{""dorado"":5}"
Grande,366746210,2023-07-30,261,true,{}
Grande,366746210,2023-07-31,425,true,"{""yellowtail"":1,""dorado"":11}"
Grande,366746210,2023-08-02,325,true,"{""yellowtail"":1,""dorado"":3}"
Grande,366746210,2023-08-03,230,true,"{""yellowtail"":1,""dorado"":6}"
Grande,366746210,2023-08-04,308,true,"{""yellowfin"":9,""dorado"":20}"
Grande,366746210,2023-08-05,236,true,"{""bluefin"":14,""yellowfin"":1,""dorado"":19}"
Grande,366746210,2023-08-06,251,true,"{""yellowtail"":1,""dorado"":38}"
Grande,366746210,2023-08-07,261,true,"{""yellowtail"":7,""dorado"":57}"
Grande,366746210,2023-08-08,311,true,"{""yellowtail"":1,""dorado"":31}"
Grande,366746210,2023-08-09,369,true,"{""dorado"":14}"
Grande,366746210,2023-08-11,873,true,"{""bluefin"":49}"
Grande,366746210,2023-08-12,101,true,"{""bluefin"":8,""yellowtail"":1}"
Grande,366746210,2023-08-13,235,true,{}
Grande,366746210,2023-08-14,267,true,"{""bluefin"":1,""dorado"":1}"
Grande,366746210,2023-08-17,845,true,"{""yellowtail"":1,""dorado"":8}"
Grande,366746210,2023-08-18,358,true,"{""yellowtail"":1,""dorado"":6}"
Grande,366746210,2023-08-19,326,true,"{""bluefin"":38,""yellowfin"":21,""dorado"":1}"
Grande,366746210,2023-08-22,425,true,{}
Grande,366746210,2023-08-23,307,true,"{""yellowtail"":10,""dorado"":42}"
Grande,366746210,2023-08-24,473,true,"{""yellowtail"":7,""dorado"":42}"
Grande,366746210,2023-08-25,328,true,"{""yellowtail"":1,""dorado"":28}"
Grande,366746210,2023-08-26,469,true,"{""yellowtail"":3,""dorado"":48}"
Grande,366746210,2023-08-27,278,true,"{""yellowfin"":1,""yellowtail"":11,""dorado"":74}"
Grande,366746210,2023-08-28,292,true,"{""yellowtail"":1,""dorado"":74}"
Grande,366746210,2023-08-29,444,true,"{""yellowfin"":1,""yellowtail"":3,""dorado"":66}"
Grande,366746210,2023-08-30,392,true,"{""dorado"":42}"
Grande,366746210,2023-08-31,316,true,"{""yellowfin"":1,""dorado"":70,""skipjack"":1}"
Grande,366746210,2023-09-01,444,true,"{""yellowfin"":4,""dorado"":76}"
Grande,366746210,2023-09-02,351,true,"{""bluefin"":12,""yellowtail"":1,""dorado"":68}"
Grande,366746210,2023-09-03,177,true,"{""yellowtail"":1,""dorado"":76}"
Grande,366746210,2023-09-04,235,true,"{""dorado"":74}"
Grande,366746210,2023-09-05,246,true,"{""bluefin"":1,""yellowfin"":9,""dorado"":31}"
Grande,366746210,2023-09-07,374,true,"{""dorado"":50}"
Grande,366746210,2023-09-08,407,true,"{""dorado"":27}"
Grande,366746210,2023-09-09,329,true,"{""bluefin"":28,""yellowtail"":2,""dorado"":7}"
Grande,366746210,2023-09-10,307,true,"{""bluefin"":26,""yellowfin"":1,""dorado"":2}"
Grande,366746210,2023-09-11,422,true,"{""bluefin"":4,""yellowfin"":20}"
Grande,366746210,2023-09-12,805,true,"{""bluefin"":17,""yellowfin"":58,""dorado"":3}"
Grande,366746210,2023-09-13,634,true,"{""yellowfin"":12,""dorado"":1}"
Grande,366746210,2023-09-14,581,true,"{""bluefin"":3,""yellowfin"":49,""dorado"":4}"
Grande,366746210,2023-09-15,323,true,"{""bluefin"":1,""yellowfin"":44,""dorado"":11}"
Grande,366746210,2023-09-21,395,true,"{""bluefin"":5,""yellowfin"":20,""yellowtail"":1,""dorado"":25}"
Grande,366746210,2023-09-22,632,true,"{""bluefin"":22}"
Grande,366746210,2023-09-23,757,true,"{""bluefin"":25}"
Grande,366746210,2023-09-24,565,true,"{""bluefin"":4,""yellowfin"":3}"
Grande,366746210,2023-09-25,397,true,"{""bluefin"":64,""yellowfin"":4,""dorado"":1}"
Grande,366746210,2023-09-26,318,true,"{""bluefin"":26,""yellowfin"":2}"
Grande,366746210,2023-09-27,307,true,"{""bluefin"":3,""yellowfin"":15,""yellowtail"":1}"
Grande,366746210,2023-09-28,673,true,"{""bluefin"":19,""yellowfin"":5}"
Grande,366746210,2023-10-01,391,true,{}
Grande,366746210,2023-10-02,640,true,"{""yellowfin"":57,""dorado"":21}"
Grande,366746210,2023-10-03,510,true,"{""yellowfin"":47}"
Grande,366746210,2023-10-04,325,true,"{""yellowfin"":3,""dorado"":46}"
Grande,366746210,2023-10-06,621,true,"{""bluefin"":11,""yellowfin"":5}"
Grande,366746210,2023-10-07,687,true,"{""bluefin"":54}"
Grande,366746210,2023-10-08,626,true,"{""bluefin"":4,""yellowfin"":5}"
Grande,366746210,2023-10-09,581,true,"{""bluefin"":5}"
Grande,366746210,2023-10-12,625,true,"{""bluefin"":1,""yellowfin"":6}"
Grande,366746210,2023-10-13,691,true,"{""bluefin"":1,""yellowfin"":37,""yellowtail"":12,""dorado"":139}"
Grande,366746210,2023-10-14,663,true,"{""yellowfin"":6,""dorado"":63}"
Grande,366746210,2023-10-15,656,true,"{""yellowfin"":6,""yellowtail"":5,""dorado"":74}"
Grande,366746210,2024-05-26,273,true,"{""Bluefin Tuna (up to 130 pounds)"":1,""Bonito"":9}"
Grande,366746210,2024-05-27,432,true,"{""Rockfish"":111}"
Grande,366746210,2024-05-28,465,true,"{""Rockfish"":98}"
Grande,366746210,2024-06-07,248,true,"{""Bluefin Tuna (up to 80 pounds)"":8}"
Grande,366746210,2024-06-08,211,true,"{""Bluefin Tuna (up to 220 pounds)"":1}"
Grande,366746210,2024-06-12,182,true,"{""bluefin"":2}"
Grande,366746210,2024-06-13,304,true,"{""bluefin"":1,""yellowtail"":1}"
Grande,366746210,2024-06-15,282,true,"{""yellowtail"":1,""Bonito"":80}"
Grande,366746210,2024-06-16,321,true,"{""yellowtail"":3,""Bonito"":11}"
Grande,366746210,2024-06-18,220,true,"{""yellowtail"":4,""Bonito"":39}"
Grande,366746210,2024-06-19,231,true,"{""yellowtail"":13,""Bonito"":130}"
Grande,366746210,2024-06-22,238,true,"{""bluefin"":10}"
Grande,366746210,2024-06-23,335,true,"{""yellowtail"":1}"
Grande,366746210,2024-06-25,286,true,"{""Bluefin Tuna (up to 250 pounds)"":5}"
Grande,366746210,2024-06-26,276,true,"{""bluefin"":9,""yellowtail"":3}"
Grande,366746210,2024-06-28,261,true,"{""Bonito"":12}"
Grande,366746210,2024-06-30,266,true,"{""bluefin"":8,""Bonito"":1}"
Grande,366746210,2024-07-01,286,true,"{""bluefin"":12}"
Grande,366746210,2024-07-02,264,true,"{""bluefin"":22}"
Grande,366746210,2024-07-03,203,true,"{""bluefin"":4}"
Grande,366746210,2024-07-04,218,true,"{""Bonito"":1}"
Grande,366746210,2024-07-05,270,true,"{""Bonito"":56}"
Grande,366746210,2024-07-06,259,true,"{""yellowtail"":1,""Bonito"":16}"
Grande,366746210,2024-07-07,276,true,"{""bluefin"":6,""yellowtail"":55,""Bonito"":55}"
Grande,366746210,2024-07-08,285,true,"{""bluefin"":16,""yellowtail"":24}"
Grande,366746210,2024-07-10,321,true,"{""bluefin"":2,""yellowtail"":2}"
Grande,366746210,2024-07-11,367,true,"{""yellowtail"":2}"
Grande,366746210,2024-07-12,318,true,"{""yellowtail"":8,""dorado"":1}"
Grande,366746210,2024-07-13,515,true,"{""yellowtail"":9,""Rockfish"":53}"
Grande,366746210,2024-07-14,261,true,"{""bluefin"":10}"
Grande,366746210,2024-07-15,278,true,"{""bluefin"":3}"
Grande,366746210,2024-07-17,215,true,"{""bluefin"":23}"
Grande,366746210,2024-07-18,267,true,"{""bluefin"":7,""yellowtail"":106,""dorado"":3}"
Grande,366746210,2024-07-19,357,true,"{""yellowtail"":55,""dorado"":2}"
Grande,366746210,2024-07-20,317,true,"{""bluefin"":9,""yellowtail"":11}"
Grande,366746210,2024-07-21,316,true,"{""bluefin"":12}"
Grande,366746210,2024-07-22,288,true,"{""bluefin"":5,""yellowtail"":1}"
Grande,366746210,2024-07-23,248,true,"{""yellowtail"":1}"
Grande,366746210,2024-07-24,278,true,"{""yellowtail"":29}"
Grande,366746210,2024-07-25,321,true,"{""yellowtail"":1,""dorado"":1}"
Grande,366746210,2024-07-26,280,true,"{""yellowtail"":4}"
Grande,366746210,2024-07-27,230,true,"{""bluefin"":1,""yellowtail"":40}"
Grande,366746210,2024-07-28,225,true,"{""bluefin"":3,""yellowtail"":38}"
Grande,366746210,2024-07-29,300,true,"{""yellowtail"":6}"
Grande,366746210,2024-07-30,320,true,"{""yellowtail"":38}"
Grande,366746210,2024-08-01,383,true,"{""yellowtail"":25}"
Grande,366746210,2024-08-02,665,true,"{""yellowtail"":13}"
Grande,366746210,2024-08-03,349,true,"{""yellowtail"":1,""dorado"":1}"
Grande,366746210,2024-08-04,291,true,"{""yellowtail"":1}"
Grande,366746210,2024-08-05,287,true,"{""yellowtail"":20}"
Grande,366746210,2024-08-06,383,true,"{""yellowtail"":21,""dorado"":1}"
Grande,366746210,2024-08-07,290,true,"{""yellowtail"":29}"
Grande,366746210,2024-08-08,340,true,"{""yellowfin"":1,""yellowtail"":9,""dorado"":5}"
Grande,366746210,2024-08-09,299,true,"{""yellowtail"":2,""dorado"":6}"
Grande,366746210,2024-08-11,379,true,"{""yellowtail"":1,""dorado"":16}"
Grande,366746210,2024-08-16,414,true,"{""bluefin"":11,""yellowtail"":22,""Calico Bass"":8,""Bonito"":13}"
Grande,366746210,2024-08-17,184,true,"{""yellowtail"":26}"
Grande,366746210,2024-08-18,230,true,{}
Grande,366746210,2024-08-19,232,true,"{""bluefin"":1}"
Grande,366746210,2024-08-20,409,true,{}
Grande,366746210,2024-08-22,562,true,{}
Grande,366746210,2024-08-23,221,true,{}
Grande,366746210,2024-08-25,224,true,{}
Grande,366746210,2024-08-26,213,true,{}
Grande,366746210,2024-08-28,267,true,{}
Grande,366746210,2024-08-29,252,true,"{""dorado"":1}"
Grande,366746210,2024-08-30,244,true,"{""bluefin"":10}"
Grande,366746210,2024-08-31,131,true,"{""bluefin"":2}"
Grande,366746210,2024-09-01,335,true,"{""bluefin"":1,""yellowtail"":8,""Halibut"":1,""Lingcod"":1,""Rockfish"":35}"
Grande,366746210,2024-09-02,527,true,"{""yellowfin"":1,""yellowtail"":63,""Rockfish"":65}"
Grande,366746210,2024-09-05,640,true,"{""yellowtail"":26}"
Grande,366746210,2024-09-06,268,true,{}
Grande,366746210,2024-09-07,387,true,{}
Grande,366746210,2024-09-08,284,true,{}
Grande,366746210,2024-09-09,434,true,"{""yellowtail"":15}"
Grande,366746210,2024-09-12,347,true,"{""yellowtail"":12,""Halibut"":1,""Calico Bass"":9,""Rockfish"":4}"
Grande,366746210,2024-09-13,333,true,"{""yellowtail"":5,""Sculpin"":1,""Sheephead"":2,""Lingcod"":1,""Whitefish"":72,""Bonito"":1,""Red Rockfish"":2}"
Grande,366746210,2024-09-14,389,true,"{""bluefin"":1,""yellowtail"":5,""Sand Bass"":1,""Sculpin"":2,""Sheephead"":4,""Lingcod"":1,""Whitefish"":67,""Red Rockfish"":6}"
Grande,366746210,2024-09-15,316,true,"{""yellowtail"":9,""Sculpin"":6,""Lingcod"":1,""Whitefish"":30,""Red Rockfish"":8}"
Grande,366746210,2024-09-16,316,true,"{""bluefin"":20,""yellowtail"":5,""Sculpin"":1,""Sheephead"":1,""Lingcod"":1,""Whitefish"":25,""Bonito"":1,""Red Rockfish"":8}"
Grande,366746210,2024-09-17,294,true,"{""yellowtail"":24,""Halibut"":1,""Sculpin"":2,""Sheephead"":2,""Calico Bass"":2,""Lingcod"":2,""Whitefish"":6,""Bonito"":1,""Red Rockfish"":2}"
Grande,366746210,2024-09-18,307,true,"{""yellowtail"":22,""Sculpin"":4,""Sheephead"":1,""Calico Bass"":5,""Lingcod"":2,""Whitefish"":26,""Rockfish"":9,""Red Rockfish"":8}"
Grande,366746210,2024-09-20,320,true,"{""bluefin"":1,""yellowtail"":3,""Sculpin"":7,""Calico Bass"":2,""Lingcod"":2,""Whitefish"":28,""Rockfish"":10}"
Grande,366746210,2024-09-21,357,true,"{""bluefin"":2,""yellowtail"":3,""Sand Bass"":1,""Brown Rockfish"":1,""Halibut"":1,""Sculpin"":4,""Triggerfish"":1,""Calico Bass"":1,""Lingcod"":1,""Whitefish"":19,""Rockfish"":7,""Red Rockfish"":3}"
Grande,366746210,2024-09-22,332,true,"{""bluefin"":12,""yellowtail"":1,""Sand Bass"":1,""Halibut"":1,""Sculpin"":10,""Calico Bass"":10,""Lingcod"":2,""Whitefish"":23,""Rockfish"":23,""Red Rockfish"":5}"
Grande,366746210,2024-09-23,423,true,"{""bluefin"":3,""yellowtail"":2,""Sheephead"":1,""Calico Bass"":13,""Lingcod"":1,""Whitefish"":1,""Rockfish"":5}"
Grande,366746210,2024-09-27,493,true,"{""bluefin"":1,""yellowtail"":1,""Sheephead"":1,""Calico Bass"":3,""Lingcod"":3,""Whitefish"":29,""Rockfish"":16}"
Grande,366746210,2024-09-28,529,true,"{""bluefin"":2,""Cabezon"":1,""Sculpin"":7,""Sheephead"":1,""Calico Bass"":10,""Lingcod"":3,""Whitefish"":29,""Rockfish"":21,""Red Rockfish"":5}"
Grande,366746210,2024-09-29,92,true,"{""yellowtail"":1}"
Grande,366746210,2024-09-30,435,true,{}
Grande,366746210,2024-10-04,296,true,"{""bluefin"":2,""yellowtail"":35,""Sculpin"":14,""Calico Bass"":3,""Lingcod"":3,""Whitefish"":12,""Rockfish"":25}"
Grande,366746210,2024-10-05,340,true,"{""yellowtail"":36,""Sculpin"":10,""Sheephead"":1,""Lingcod"":9,""Rockfish"":5}"
Grande,366746210,2024-10-06,362,true,{}
Grande,366746210,2024-10-08,564,true,"{""yellowtail"":67,""Sheephead"":1,""Lingcod"":3,""Whitefish"":5,""Rockfish"":22}"
Grande,366746210,2024-10-10,294,true,"{""yellowtail"":34,""Sculpin"":6,""Sheephead"":1,""Lingcod"":10,""Whitefish"":3,""Rockfish"":25,""Red Rockfish"":2}"
Grande,366746210,2024-10-11,314,true,"{""yellowtail"":14,""Lingcod"":1}"
Grande,366746210,2024-10-12,509,true,"{""yellowfin"":1,""Whitefish"":12,""Rockfish"":80,""Red Rockfish"":48}"
Grande,366746210,2024-10-13,411,true,"{""yellowtail"":3,""Halibut"":1,""Sculpin"":22,""Sheephead"":4,""Rockfish"":142}"
Grande,366746210,2024-10-14,275,true,"{""yellowtail"":5,""Halibut"":1,""Lingcod"":4,""Rockfish"":52}"
Grande,366746210,2024-10-26,365,true,"{""yellowtail"":16,""Whitefish"":21,""Rockfish"":28}"
Grande,366746210,2025-05-10,457,true,"{""Lingcod"":4,""Whitefish"":86,""Bonito"":2,""Rockfish"":74}"
Grande,366746210,2025-05-24,253,true,"{""Bonito"":8}"
Grande,366746210,2025-05-25,245,true,"{""Bonito"":56}"
Grande,366746210,2025-05-26,159,true,"{""yellowtail"":2,""Bonito"":36}"
Grande,366746210,2025-05-31,158,true,"{""Bonito"":85}"
Grande,366746210,2025-06-09,296,true,"{""Whitefish"":70,""Rockfish"":70}"
Grande,366746210,2025-06-11,135,true,"{""yellowtail"":4,""Sand Bass"":10,""Barracuda"":2,""Sculpin"":53,""Calico Bass"":36,""Whitefish"":67,""Rockfish"":11}"
Grande,366746210,2025-06-14,177,true,"{""Bonito"":105}"
Grande,366746210,2025-06-15,204,true,"{""yellowtail"":5,""Sand Bass"":1,""Sculpin"":10,""Calico Bass"":5,""Whitefish"":50}"
Grande,366746210,2025-06-19,194,true,"{""yellowtail"":3,""Whitefish"":37,""Rockfish"":30}"
Grande,366746210,2025-06-21,204,true,"{""Sand Bass"":1,""Cabezon"":1,""Sculpin"":6,""Whitefish"":124,""Rockfish"":74}"
Grande,366746210,2025-06-22,245,true,"{""Whitefish"":60,""Rockfish"":73}"
Grande,366746210,2025-06-27,380,true,"{""Bocaccio"":18,""Barracuda"":29,""Triggerfish"":1,""Calico Bass"":20,""Lingcod"":4,""Whitefish"":30,""Rockfish"":42,""Red Rockfish"":32}"
Grande,366746210,2025-06-28,350,true,"{""yellowtail"":1,""Sculpin"":18,""Calico Bass"":9,""Lingcod"":3,""Whitefish"":18,""Rockfish"":167,""Red Rockfish"":86}"
Grande,366746210,2025-07-01,164,true,"{""bluefin"":4,""Bonito"":11}"
Grande,366746210,2025-07-02,167,true,"{""bluefin"":13,""Bonito"":21}"
Grande,366746210,2025-07-03,136,true,"{""bluefin"":11}"
Grande,366746210,2025-07-04,118,true,"{""bluefin"":28,""Bonito"":1}"
Grande,366746210,2025-07-05,81,true,"{""bluefin"":39}"
Grande,366746210,2025-07-06,166,true,"{""bluefin"":6}"
Grande,366746210,2025-07-07,114,true,"{""bluefin"":17,""yellowtail"":14}"
Grande,366746210,2025-07-08,223,true,"{""Bluefin Tuna (up to 80 pounds)"":12}"
Grande,366746210,2025-07-09,244,true,"{""bluefin"":3,""yellowtail"":20}"
Grande,366746210,2025-07-10,197,true,"{""bluefin"":11,""yellowtail"":2}"
Grande,366746210,2025-07-11,131,true,"{""yellowtail"":31}"
Grande,366746210,2025-07-12,131,true,"{""yellowtail"":11}"
Grande,366746210,2025-07-13,177,true,"{""bluefin"":1,""yellowtail"":10}"
Grande,366746210,2025-07-14,174,true,"{""bluefin"":8,""Bonito"":1}"
Grande,366746210,2025-07-15,123,true,"{""bluefin"":2,""yellowtail"":8}"
Grande,366746210,2025-07-16,174,true,"{""yellowtail"":20}"
Grande,366746210,2025-07-17,161,true,"{""bluefin"":3,""yellowtail"":48}"
Grande,366746210,2025-07-18,242,true,"{""bluefin"":1,""yellowtail"":40}"
Grande,366746210,2025-07-19,199,true,"{""bluefin"":1,""yellowtail"":71}"
Grande,366746210,2025-07-20,253,true,"{""bluefin"":10}"
Grande,366746210,2025-07-21,268,true,"{""bluefin"":41}"
Grande,366746210,2025-07-22,238,true,"{""bluefin"":16}"
Grande,366746210,2025-07-23,238,true,"{""bluefin"":8,""yellowtail"":9}"
Grande,366746210,2025-07-24,327,true,"{""yellowtail"":15,""Barracuda"":7,""Calico Bass"":18,""Rockfish"":80}"
Grande,366746210,2025-07-25,314,true,"{""bluefin"":5}"
Grande,366746210,2025-07-26,332,true,"{""yellowtail"":5,""Barracuda"":40,""Sculpin"":8,""Sheephead"":2,""Calico Bass"":8,""Whitefish"":119,""Rockfish"":1,""Red Rockfish"":1}"
Grande,366746210,2025-07-27,208,true,"{""yellowtail"":17}"
Grande,366746210,2025-07-30,271,true,{}
Grande,366746210,2025-07-31,208,true,"{""yellowtail"":9}"
Grande,366746210,2025-08-01,209,true,"{""yellowtail"":55,""Barracuda"":13,""Rockfish"":96}"
Grande,366746210,2025-08-02,301,true,"{""yellowtail"":1,""Barracuda"":15,""Rockfish"":72}"
Grande,366746210,2025-08-03,359,true,"{""yellowtail"":24,""Whitefish"":90,""Rockfish"":16}"
Grande,366746210,2025-08-04,432,true,"{""yellowtail"":21,""Whitefish"":186,""Rockfish"":21}"
Grande,366746210,2025-08-05,273,true,{}
Grande,366746210,2025-08-06,329,true,"{""yellowtail"":36,""Sculpin"":2,""Calico Bass"":2,""Whitefish"":26}"
Grande,366746210,2025-08-07,422,true,"{""yellowtail"":64,""Barracuda"":21,""Calico Bass"":5,""Whitefish"":67}"
Grande,366746210,2025-08-08,236,true,"{""yellowfin"":1}"
Grande,366746210,2025-08-09,416,true,{}
Grande,366746210,2025-08-10,365,true,{}
Grande,366746210,2025-08-11,428,true,{}
Grande,366746210,2025-08-12,275,true,"{""yellowtail"":33,""Rockfish"":10}"
Grande,366746210,2025-08-13,248,true,"{""bluefin"":17,""yellowtail"":25,""Rockfish"":10}"
Grande,366746210,2025-08-16,182,true,"{""bluefin"":58}"
Grande,366746210,2025-08-17,220,true,"{""yellowtail"":4,""Lingcod"":12,""Whitefish"":99,""Rockfish"":77,""Red Rockfish"":52}"
Grande,366746210,2025-08-18,223,true,"{""bluefin"":2,""yellowtail"":7,""Rockfish"":143}"
Grande,366746210,2025-08-19,298,true,"{""yellowtail"":14,""Barracuda"":12,""Halibut"":1,""Whitefish"":33,""Rockfish"":11}"
Grande,366746210,2025-08-20,332,true,"{""bluefin"":2,""yellowtail"":10,""Rockfish"":82}"
Grande,366746210,2025-08-21,296,true,{}
Grande,366746210,2025-08-22,307,true,"{""yellowtail"":4,""Barracuda"":24,""Sculpin"":4,""Lingcod"":2,""Whitefish"":47,""Rockfish"":27}"
Grande,366746210,2025-08-23,193,true,{}
Grande,366746210,2025-08-24,328,true,"{""bluefin"":6,""yellowtail"":9,""Rockfish"":109}"
Grande,366746210,2025-08-25,370,true,"{""yellowtail"":2,""Calico Bass"":17,""Rockfish"":102}"
Grande,366746210,2025-08-26,400,true,"{""yellowtail"":7,""Calico Bass"":33,""Rockfish"":33}"
Grande,366746210,2025-08-27,368,true,"{""yellowtail"":8,""Calico Bass"":13,""Whitefish"":73,""Rockfish"":25}"
Grande,366746210,2025-08-28,368,true,"{""yellowtail"":12,""Barracuda"":45,""Calico Bass"":18,""Whitefish"":37,""Rockfish"":7}"
Grande,366746210,2025-08-29,312,true,"{""bluefin"":8,""Calico Bass"":11,""Whitefish"":37,""Rockfish"":18}"
Grande,366746210,2025-08-30,455,true,"{""yellowtail"":2,""Sand Bass"":1,""Calico Bass"":1,""Whitefish"":4,""Bonito"":3,""Rockfish"":72}"
Grande,366746210,2025-08-31,302,true,"{""yellowtail"":12,""Barracuda"":9,""Calico Bass"":29,""Whitefish"":79,""Rockfish"":43}"
Grande,366746210,2025-09-01,288,true,"{""yellowtail"":47,""Barracuda"":27,""Calico Bass"":43,""Rockfish"":138}"
Grande,366746210,2025-09-03,211,true,"{""bluefin"":1,""yellowfin"":27}"
Grande,366746210,2025-09-04,202,true,"{""yellowfin"":5}"
Grande,366746210,2025-09-05,272,true,"{""bluefin"":1,""yellowtail"":1,""dorado"":1}"
Grande,366746210,2025-09-06,151,true,"{""bluefin"":1,""yellowfin"":11,""yellowtail"":12,""dorado"":1}"
Grande,366746210,2025-09-07,261,true,"{""yellowtail"":9,""Calico Bass"":11,""Lingcod"":2,""Whitefish"":40,""Rockfish"":46}"
Grande,366746210,2025-09-08,409,true,"{""yellowtail"":11,""Bonito"":1,""Rockfish"":33}"
Grande,366746210,2025-09-09,254,true,"{""yellowtail"":7,""Barracuda"":8,""Bonito"":1,""Rockfish"":46}"
Grande,366746210,2025-09-11,199,true,"{""yellowtail"":11,""Calico Bass"":13,""Rockfish"":86}"
Grande,366746210,2025-09-12,274,true,"{""bluefin"":2,""yellowtail"":3,""Rockfish"":48}"
Grande,366746210,2025-09-13,96,true,"{""bluefin"":1}"
Grande,366746210,2025-09-14,222,true,{}
Grande,366746210,2025-09-17,255,true,"{""yellowtail"":13,""Rockfish"":161}"
Grande,366746210,2025-09-18,225,true,"{""yellowtail"":13,""Whitefish"":95,""Rockfish"":55}"
Grande,366746210,2025-09-19,269,true,"{""yellowtail"":10,""Whitefish"":62,""Rockfish"":47}"
Grande,366746210,2025-09-20,157,true,"{""bluefin"":62}"
Grande,366746210,2025-09-21,318,true,"{""bluefin"":1,""yellowtail"":1,""Whitefish"":75,""Rockfish"":75}"
Grande,366746210,2025-09-24,357,true,"{""bluefin"":67}"
Grande,366746210,2025-09-25,165,true,"{""bluefin"":6}"
Grande,366746210,2025-09-27,137,true,"{""bluefin"":11,""dorado"":3,""Striped Marlin Released"":1}"
Grande,366746210,2025-09-28,170,true,"{""bluefin"":70,""yellowfin"":13}"
Grande,366746210,2025-09-29,214,true,"{""Bluefin Tuna (up to 60 pounds)"":19}"
Grande,366746210,2025-09-30,96,true,"{""bluefin"":24}"
Grande,366746210,2025-10-03,198,true,"{""bluefin"":1}"
Grande,366746210,2025-10-18,197,true,"{""bluefin"":3,""Rockfish"":111}"
Grande,366746210,2025-10-19,209,true,"{""bluefin"":66}"
Grande,366746210,2025-10-22,142,true,"{""bluefin"":2,""yellowfin"":2}"
Grande,366746210,2025-10-25,139,true,"{""yellowtail"":6,""Whitefish"":69,""Rockfish"":137}"
Royal Polaris,367050490,2020-06-11,1029,true,"{""bluefin"":8,""yellowfin"":1}"
Royal Polaris,367050490,2020-06-13,1036,true,"{""bluefin"":16}"
Royal Polaris,367050490,2020-06-15,1144,true,"{""bluefin"":20}"
Royal Polaris,367050490,2020-06-17,1240,true,"{""yellowtail"":30}"
Royal Polaris,367050490,2020-08-04,1173,true,"{""bluefin"":52,""yellowfin"":29,""yellowtail"":17}"
Royal Polaris,367050490,2020-08-17,1078,true,"{""yellowfin"":81,""yellowtail"":20,""dorado"":48}"
Spirit of Adventure,367185130,2020-08-09,961,true,{}
Spirit of Adventure,367185130,2020-08-23,364,true,"{""bluefin"":30,""yellowtail"":30}"
Spirit of Adventure,367185130,2020-08-30,651,true,{}
Spirit of Adventure,367185130,2021-05-31,487,true,{}
Spirit of Adventure,367185130,2021-06-13,887,true,"{""bluefin"":18}"
Spirit of Adventure,367185130,2023-06-14,252,true,"{""bluefin"":40}"
Spirit of Adventure,367185130,2023-06-16,892,true,"{""Bluefin Tuna (up to 110 pounds)"":85}"
Spirit of Adventure,367185130,2023-06-19,908,true,"{""yellowtail"":5,""Bluefin Tuna (up to 169 pounds)"":32}"
Spirit of Adventure,367185130,2023-06-22,961,true,"{""Bluefin Tuna (up to 155 pounds)"":74}"
Spirit of Adventure,367185130,2023-06-25,1243,true,"{""Bluefin Tuna (up to 100 pounds)"":75}"
Spirit of Adventure,367185130,2023-06-29,1033,true,"{""bluefin"":96}"
Spirit of Adventure,367185130,2023-07-03,536,true,"{""bluefin"":99,""yellowtail"":33,""Red Rockfish"":66}"
Spirit of Adventure,367185130,2023-07-06,1090,true,"{""Bluefin Tuna (up to 240 pounds)"":24}"
Spirit of Adventure,367185130,2023-08-02,829,true,"{""Bluefin Tuna (up to 100 pounds)"":48}"
Spirit of Adventure,367185130,2023-08-24,1236,true,"{""bluefin"":104,""yellowtail"":40,""dorado"":30}"
Spirit of Adventure,367185130,2023-08-31,488,true,"{""dorado"":12,""Bluefin Tuna (up to 110 pounds)"":30}"
Spirit of Adventure,367185130,2023-09-19,676,true,"{""bluefin"":144,""yellowfin"":30,""dorado"":5}"
Spirit of Adventure,367185130,2024-06-17,1,true,"{""bluefin"":45}"
Spirit of Adventure,367185130,2024-06-23,1,true,"{""bluefin"":61,""yellowtail"":6}"
Spirit of Adventure,367185130,2024-06-30,1,true,"{""bluefin"":51,""yellowtail"":1}"
Spirit of Adventure,367185130,2025-06-26,424,true,"{""Bluefin Tuna (up to 90 pounds)"":36}"
Spirit of Adventure,367185130,2025-06-29,441,true,{}
Spirit of Adventure,367185130,2025-07-02,505,true,"{""bluefin"":92,""yellowtail"":6,""Rockfish"":110}"
Spirit of Adventure,367185130,2025-07-29,752,true,"{""Bluefin Tuna (up to 185 pounds)"":65}"
Spirit of Adventure,367185130,2025-08-01,551,true,"{""bluefin"":33,""yellowtail"":2}"
Spirit of Adventure,367185130,2025-08-14,548,true,{}
Spirit of Adventure,367185130,2025-08-18,367,true,{}
Spirit of Adventure,367185130,2025-08-25,629,true,"{""yellowfin"":1,""yellowtail"":250,""Dolphinfish"":1}"
Spirit of Adventure,367185130,2025-09-01,686,true,"{""bluefin"":46}"
Pacific Queen,367186270,2020-06-11,201,true,"{""bluefin"":20,""yellowfin"":2,""yellowtail"":42}"
Pacific Queen,367186270,2020-06-12,525,true,"{""bluefin"":14}"
Pacific Queen,367186270,2020-06-14,521,true,"{""bluefin"":25}"
Pacific Queen,367186270,2020-06-16,532,true,"{""bluefin"":37,""yellowfin"":1}"
Pacific Queen,367186270,2020-06-18,519,true,"{""bluefin"":6}"
Pacific Queen,367186270,2020-06-19,289,true,"{""yellowtail"":7,""Bluefin Tuna (up to 70 pounds)"":3,""Yellowfin Tuna (up to 25 pounds)"":42}"
Pacific Queen,367186270,2020-06-21,438,true,"{""bluefin"":2,""yellowfin"":8,""yellowtail"":5,""dorado"":4}"
Pacific Queen,367186270,2020-06-23,570,true,"{""bluefin"":6,""yellowfin"":15,""yellowtail"":31}"
Pacific Queen,367186270,2020-06-25,559,true,"{""bluefin"":4,""yellowfin"":18,""yellowtail"":95}"
Pacific Queen,367186270,2020-06-28,406,true,"{""bluefin"":44,""yellowfin"":1,""yellowtail"":41}"
Pacific Queen,367186270,2020-06-29,737,true,"{""bluefin"":8}"
Pacific Queen,367186270,2020-07-01,344,true,"{""bluefin"":55,""yellowtail"":170,""dorado"":5}"
Pacific Queen,367186270,2020-07-04,600,true,"{""bluefin"":43,""yellowfin"":10,""yellowtail"":68}"
Pacific Queen,367186270,2020-07-05,805,true,"{""yellowfin"":1,""Bluefin Tuna (up to 210 pounds)"":21}"
Pacific Queen,367186270,2020-07-07,584,true,"{""bluefin"":20}"
Pacific Queen,367186270,2020-07-09,649,true,"{""bluefin"":15}"
Pacific Queen,367186270,2020-07-10,786,true,"{""bluefin"":38,""yellowfin"":2,""yellowtail"":6}"
Pacific Queen,367186270,2020-07-11,826,true,"{""bluefin"":18}"
Pacific Queen,367186270,2020-07-12,867,true,"{""bluefin"":68}"
Pacific Queen,367186270,2020-07-14,530,true,"{""bluefin"":68,""yellowfin"":4}"
Pacific Queen,367186270,2020-07-16,547,true,"{""bluefin"":33,""yellowfin"":8}"
Pacific Queen,367186270,2020-07-17,591,true,"{""bluefin"":12,""yellowfin"":8}"
Pacific Queen,367186270,2020-07-19,820,true,"{""yellowfin"":10,""yellowtail"":12,""Bluefin Tuna (up to 80 pounds)"":94}"
Pacific Queen,367186270,2020-07-20,771,true,"{""bluefin"":50,""yellowfin"":20}"
Pacific Queen,367186270,2020-07-21,692,true,"{""bluefin"":68,""yellowfin"":43}"
Pacific Queen,367186270,2020-07-24,549,true,"{""bluefin"":80,""yellowfin"":53}"
Pacific Queen,367186270,2020-07-26,622,true,"{""bluefin"":51,""yellowfin"":2,""yellowtail"":6}"
Pacific Queen,367186270,2021-02-28,126,true,"{""Lingcod"":7,""Rockfish"":175,""Vermilion Rockfish"":117}"
Pacific Queen,367186270,2021-05-07,676,true,"{""bluefin"":42}"
Pacific Queen,367186270,2021-05-11,441,true,"{""bluefin"":44,""yellowtail"":110}"
Pacific Queen,367186270,2021-05-13,502,true,"{""bluefin"":68,""yellowtail"":20}"
Pacific Queen,367186270,2021-05-14,891,true,"{""bluefin"":4}"
Pacific Queen,367186270,2021-05-16,322,true,"{""bluefin"":68}"
Pacific Queen,367186270,2021-05-18,496,true,"{""bluefin"":66}"
Pacific Queen,367186270,2021-05-25,459,true,"{""bluefin"":1,""yellowtail"":70}"
Pacific Queen,367186270,2021-05-27,500,true,"{""bluefin"":18}"
Pacific Queen,367186270,2021-05-31,458,true,"{""bluefin"":71}"
Pacific Queen,367186270,2021-06-04,462,true,"{""bluefin"":68}"
Pacific Queen,367186270,2021-06-07,266,true,"{""bluefin"":12}"
Pacific Queen,367186270,2021-06-08,556,true,"{""bluefin"":38}"
Pacific Queen,367186270,2021-06-10,550,true,"{""bluefin"":12}"
Pacific Queen,367186270,2021-06-11,671,true,"{""bluefin"":18}"
Pacific Queen,367186270,2021-06-15,626,true,"{""bluefin"":70}"
Pacific Queen,367186270,2021-06-17,610,true,"{""bluefin"":39,""yellowtail"":35}"
Pacific Queen,367186270,2021-06-18,548,true,"{""bluefin"":58}"
Pacific Queen,367186270,2021-06-20,621,true,"{""bluefin"":68,""yellowtail"":66}"
Pacific Queen,367186270,2021-06-25,467,true,"{""bluefin"":50}"
Pacific Queen,367186270,2021-07-06,656,true,"{""bluefin"":20,""yellowfin"":1}"
Pacific Queen,367186270,2021-07-08,576,true,"{""bluefin"":68}"
Pacific Queen,367186270,2021-07-09,670,true,"{""bluefin"":62}"
Pacific Queen,367186270,2022-04-03,412,true,"{""yellowtail"":84,""Bluefin Tuna (up to 40 pounds)"":70}"
Pacific Queen,367186270,2022-04-05,403,true,"{""bluefin"":64}"
Pacific Queen,367186270,2022-04-07,276,true,"{""yellowtail"":170,""Bluefin Tuna (up to 90 pounds)"":68}"
Pacific Queen,367186270,2022-04-08,246,true,"{""bluefin"":64}"
Pacific Queen,367186270,2022-04-10,396,true,"{""bluefin"":64}"
Pacific Queen,367186270,2022-04-11,125,true,"{""bluefin"":64}"
Pacific Queen,367186270,2022-04-12,336,true,"{""bluefin"":64}"
Pacific Queen,367186270,2022-04-15,467,true,"{""bluefin"":31}"
Pacific Queen,367186270,2022-04-17,419,true,"{""bluefin"":33}"
Pacific Queen,367186270,2022-04-19,487,true,"{""bluefin"":66}"
Pacific Queen,367186270,2022-04-21,470,true,"{""bluefin"":64}"
Pacific Queen,367186270,2022-04-24,592,true,"{""Bluefin Tuna (up to 80 pounds)"":100}"
Pacific Queen,367186270,2022-04-26,557,true,"{""bluefin"":70,""yellowtail"":23}"
Pacific Queen,367186270,2022-04-28,455,true,"{""bluefin"":68}"
Pacific Queen,367186270,2022-04-29,294,true,"{""bluefin"":66}"
Pacific Queen,367186270,2022-05-01,445,true,"{""Bluefin Tuna (up to 160 pounds)"":68}"
Pacific Queen,367186270,2022-05-03,397,true,"{""Bluefin Tuna (up to 150 pounds)"":68}"
Pacific Queen,367186270,2022-05-06,598,true,"{""Bluefin Tuna (up to 180 pounds)"":144}"
Pacific Queen,367186270,2022-05-08,344,true,"{""Bluefin Tuna (up to 190 pounds)"":34}"
Pacific Queen,367186270,2022-05-13,579,true,"{""Bluefin Tuna (up to 90 pounds)"":2}"
Pacific Queen,367186270,2022-05-15,390,true,"{""Bluefin Tuna (up to 160 pounds)"":14}"
Pacific Queen,367186270,2023-04-14,298,true,"{""bluefin"":132}"
Pacific Queen,367186270,2023-06-21,693,true,"{""bluefin"":30}"
Pacific Queen,367186270,2023-06-23,464,true,"{""bluefin"":20,""yellowfin"":6}"
Pacific Queen,367186270,2023-06-25,851,true,"{""bluefin"":80}"
Pacific Queen,367186270,2024-05-07,329,true,"{""Bluefin Tuna (up to 130 pounds)"":30}"
Pacific Queen,367186270,2024-05-09,352,true,"{""Bluefin Tuna (up to 120 pounds)"":9}"
Pacific Queen,367186270,2024-05-11,247,true,"{""Bluefin Tuna (up to 180 pounds)"":23}"
Pacific Queen,367186270,2024-10-03,410,true,"{""Bluefin Tuna (up to 120 pounds)"":151}"
Pacific Queen,367186270,2024-10-06,656,true,"{""bluefin"":33}"
Pacific Queen,367186270,2024-10-09,646,true,"{""bluefin"":89}"
Pacific Queen,367186270,2024-10-11,536,true,"{""bluefin"":66}"
Pacific Queen,367186270,2025-05-30,36,true,"{""Bluefin Tuna (up to 199 pounds)"":117}"
Pacific Queen,367186270,2025-07-11,13,true,"{""bluefin"":48,""yellowtail"":35}"
Pacific Queen,367186270,2025-07-23,85,true,"{""bluefin"":156,""yellowtail"":138}"
Pacific Queen,367186270,2025-08-21,545,true,"{""bluefin"":126,""yellowtail"":1}"
Pacific Queen,367186270,2025-10-15,209,true,"{""yellowfin"":1,""yellowtail"":12,""dorado"":2,""Bluefin Tuna (up to 180 pounds)"":49}"
Polaris Supreme,367543000,2020-06-20,853,true,"{""bluefin"":40,""yellowfin"":1}"
Polaris Supreme,367543000,2021-04-04,361,true,"{""bluefin"":24}"
Polaris Supreme,367543000,2021-04-07,343,true,"{""bluefin"":46}"
Polaris Supreme,367543000,2021-04-13,180,true,"{""Bluefin Tuna (up to 160 pounds)"":16}"
Polaris Supreme,367543000,2021-04-19,148,true,"{""bluefin"":15}"
Polaris Supreme,367543000,2021-04-21,218,true,"{""bluefin"":28}"
Polaris Supreme,367543000,2021-07-04,427,true,"{""bluefin"":108}"
Polaris Supreme,367543000,2021-07-08,1089,true,"{""bluefin"":62,""yellowfin"":22}"
Polaris Supreme,367543000,2021-07-11,1207,true,"{""bluefin"":110,""yellowfin"":2}"
Polaris Supreme,367543000,2021-07-21,815,true,"{""bluefin"":65,""yellowtail"":97}"
Polaris Supreme,367543000,2021-07-25,688,true,"{""bluefin"":22,""yellowfin"":17,""yellowtail"":90}"
Polaris Supreme,367543000,2021-08-04,990,true,"{""bluefin"":112,""yellowfin"":8}"
Polaris Supreme,367543000,2021-08-10,1143,true,"{""bluefin"":48,""yellowtail"":79}"
Polaris Supreme,367543000,2021-08-13,1131,true,"{""bluefin"":126,""yellowfin"":19,""yellowtail"":72}"
Polaris Supreme,367543000,2021-08-19,1238,true,"{""bluefin"":119,""yellowtail"":68}"
Polaris Supreme,367543000,2021-09-22,1214,true,"{""Bluefin Tuna (up to 200 pounds)"":124}"
Polaris Supreme,367543000,2021-10-03,850,true,"{""Bluefin Tuna (up to 200 pounds)"":41}"
Polaris Supreme,367543000,2021-10-31,842,true,"{""Bluefin Tuna (up to 310 pounds)"":30}"
Legend,367600830,2020-06-13,151,true,"{""bluefin"":3}"
Legend,367600830,2020-06-14,496,true,"{""yellowtail"":6,""Calico Bass"":90}"
Legend,367600830,2020-06-19,439,true,"{""yellowtail"":70,""Barracuda"":3,""Halibut"":1,""Calico Bass"":20}"
Legend,367600830,2020-06-21,502,true,"{""yellowtail"":23,""Barracuda"":12,""Sculpin"":20,""Calico Bass"":50}"
Legend,367600830,2020-06-26,459,true,"{""bluefin"":6}"
Legend,367600830,2020-07-03,285,true,"{""yellowtail"":12}"
Legend,367600830,2020-07-10,750,true,"{""bluefin"":10,""yellowfin"":3}"
Legend,367600830,2020-07-11,584,true,"{""bluefin"":3,""dorado"":1}"
Legend,367600830,2020-07-12,782,true,"{""bluefin"":7}"
Legend,367600830,2020-07-13,679,true,"{""bluefin"":18,""yellowfin"":3}"
Legend,367600830,2020-07-15,668,true,"{""bluefin"":19,""yellowfin"":3}"
Legend,367600830,2020-07-16,481,true,"{""bluefin"":7,""yellowfin"":5}"
Legend,367600830,2020-07-18,447,true,"{""bluefin"":13,""yellowfin"":1}"
Legend,367600830,2020-07-19,829,true,"{""bluefin"":13,""yellowfin"":2}"
Legend,367600830,2020-07-22,839,true,"{""bluefin"":2,""yellowfin"":2}"
Legend,367600830,2020-07-24,810,true,"{""bluefin"":18,""yellowfin"":45,""yellowtail"":2}"
Legend,367600830,2020-07-25,943,true,"{""yellowfin"":1,""yellowtail"":31}"
Legend,367600830,2020-07-26,435,true,"{""bluefin"":37}"
Legend,367600830,2020-07-28,522,true,"{""bluefin"":18}"
Legend,367600830,2020-07-31,522,true,"{""bluefin"":1,""yellowfin"":2}"
Legend,367600830,2020-08-02,610,true,"{""bluefin"":32}"
Legend,367600830,2020-08-03,97,true,"{""bluefin"":60,""yellowfin"":9}"
Legend,367600830,2020-08-04,484,true,"{""bluefin"":62,""yellowfin"":21,""yellowtail"":1}"
Legend,367600830,2020-08-07,846,true,"{""bluefin"":3}"
Legend,367600830,2020-08-08,717,true,"{""bluefin"":3,""yellowtail"":1}"
Legend,367600830,2020-08-14,754,true,"{""yellowtail"":14,""Calico Bass"":22,""Bonito"":3,""Rockfish"":5}"
Legend,367600830,2020-08-15,776,true,"{""Calico Bass"":30}"
Legend,367600830,2020-08-16,291,true,{}
Legend,367600830,2020-08-17,29,true,"{""yellowtail"":137,""dorado"":60}"
Legend,367600830,2020-08-18,519,true,"{""yellowtail"":137,""dorado"":60}"
Legend,367600830,2020-08-21,211,true,"{""yellowtail"":5,""dorado"":12,""Bonito"":15}"
Legend,367600830,2020-08-24,597,true,"{""yellowfin"":3,""yellowtail"":280,""dorado"":110}"
Legend,367600830,2020-08-29,1002,true,"{""bluefin"":1}"
Legend,367600830,2020-08-30,394,true,"{""yellowfin"":90,""skipjack"":10}"
Legend,367600830,2020-09-02,754,true,"{""bluefin"":9,""yellowfin"":94,""yellowtail"":24,""dorado"":120}"
Legend,367600830,2020-09-03,658,true,"{""bluefin"":9,""yellowfin"":94,""yellowtail"":24,""dorado"":120}"
Legend,367600830,2020-09-04,416,true,"{""yellowfin"":57,""yellowtail"":16,""dorado"":56,""skipjack"":21}"
Legend,367600830,2020-09-07,796,true,"{""bluefin"":6,""yellowfin"":46,""yellowtail"":24,""dorado"":174}"
Legend,367600830,2020-09-09,704,true,"{""yellowfin"":7,""dorado"":58}"
Legend,367600830,2020-09-12,230,true,"{""yellowfin"":92,""yellowtail"":33,""dorado"":77,""skipjack"":10}"
Legend,367600830,2020-09-14,609,true,"{""bluefin"":116}"
Legend,367600830,2020-09-15,498,true,"{""bluefin"":116}"
Legend,367600830,2020-09-17,252,true,"{""bluefin"":4,""yellowfin"":5,""dorado"":54,""skipjack"":2}"
Legend,367600830,2020-09-20,382,true,"{""yellowfin"":59,""yellowtail"":17,""dorado"":28}"
Legend,367600830,2020-09-22,262,true,"{""yellowfin"":1,""dorado"":42}"
Legend,367600830,2020-09-24,281,true,"{""yellowfin"":75,""dorado"":42,""skipjack"":30}"
Legend,367600830,2020-09-25,116,true,"{""yellowfin"":28,""yellowtail"":28,""dorado"":60,""skipjack"":54}"
Legend,367600830,2020-09-27,414,true,"{""yellowfin"":36,""yellowtail"":19,""dorado"":33,""skipjack"":151}"
Legend,367600830,2020-10-03,1,true,"{""yellowfin"":220,""yellowtail"":10,""dorado"":112,""skipjack"":50}"
Legend,367600830,2020-10-04,568,true,"{""yellowfin"":220,""yellowtail"":10,""dorado"":112,""skipjack"":50}"
Legend,367600830,2020-10-08,611,true,"{""yellowfin"":135,""yellowtail"":2,""dorado"":56}"
Legend,367600830,2020-10-09,576,true,"{""yellowtail"":48,""dorado"":21,""Bonito"":1}"
Legend,367600830,2020-10-11,871,true,"{""bluefin"":72,""yellowtail"":28,""dorado"":15}"
Legend,367600830,2020-10-12,758,true,"{""bluefin"":72,""yellowtail"":28,""dorado"":15}"
Legend,367600830,2020-10-13,81,true,"{""yellowfin"":3,""dorado"":40}"
Legend,367600830,2020-10-14,586,true,"{""yellowfin"":3,""dorado"":40}"
Legend,367600830,2020-10-16,746,true,"{""yellowfin"":150,""yellowtail"":15,""dorado"":8,""skipjack"":115}"
Legend,367600830,2020-10-18,8,true,"{""yellowfin"":81,""yellowtail"":29,""dorado"":120,""skipjack"":15}"
Legend,367600830,2020-10-19,469,true,"{""yellowfin"":81,""yellowtail"":29,""dorado"":120,""skipjack"":15}"
Legend,367600830,2020-10-20,128,true,"{""yellowfin"":23,""yellowtail"":55,""dorado"":7,""skipjack"":15}"
Legend,367600830,2020-10-31,273,true,"{""bluefin"":25}"
Legend,367600830,2021-02-28,95,true,"{""Sheephead"":10,""Lingcod"":5,""Rockfish"":75,""Red Rockfish"":40}"
Legend,367600830,2021-03-06,248,true,"{""Sheephead"":12,""Lingcod"":15,""Rockfish"":153,""Red Rockfish"":40}"
Legend,367600830,2021-03-20,673,true,"{""yellowtail"":6,""Sculpin"":4}"
Legend,367600830,2021-03-21,305,true,"{""yellowtail"":5,""Rockfish"":250}"
Legend,367600830,2021-03-27,439,true,"{""yellowtail"":20,""Rockfish"":65}"
Legend,367600830,2021-03-28,478,true,"{""yellowtail"":10,""Rockfish"":250}"
Legend,367600830,2021-03-31,320,true,"{""yellowtail"":5,""Rockfish"":125}"
Legend,367600830,2021-04-01,378,true,"{""yellowtail"":11,""Sand Bass"":3,""Rockfish"":20}"
Legend,367600830,2021-04-02,381,true,"{""yellowtail"":15,""Halibut"":2,""Lingcod"":10,""Rockfish"":150}"
Legend,367600830,2021-04-03,409,true,"{""yellowtail"":14,""Sheephead"":3,""Lingcod"":5,""Rockfish"":200}"
Legend,367600830,2021-04-04,313,true,"{""yellowtail"":1,""Rockfish"":199}"
Legend,367600830,2021-04-07,324,true,"{""yellowtail"":7,""Rockfish"":150}"
Legend,367600830,2021-04-08,357,true,"{""Sheephead"":3,""Lingcod"":9,""Rockfish"":80}"
Legend,367600830,2021-04-10,257,true,"{""yellowtail"":3,""Rockfish"":200}"
Legend,367600830,2021-04-25,744,true,"{""yellowtail"":86}"
Legend,367600830,2021-05-02,787,true,"{""yellowtail"":120}"
Legend,367600830,2021-05-05,527,true,"{""bluefin"":17,""yellowtail"":19}"
Legend,367600830,2021-05-06,353,true,"{""bluefin"":21,""yellowtail"":3}"
Legend,367600830,2021-05-07,670,true,"{""bluefin"":36,""yellowtail"":3}"
Legend,367600830,2021-05-09,128,true,{}
Legend,367600830,2021-05-12,165,true,"{""bluefin"":19,""yellowtail"":80}"
Legend,367600830,2021-05-14,450,true,"{""bluefin"":12,""yellowtail"":120}"
Legend,367600830,2021-05-16,354,true,"{""bluefin"":22,""yellowtail"":62}"
Legend,367600830,2021-05-19,680,true,"{""bluefin"":6}"
Legend,367600830,2021-05-25,25,true,"{""bluefin"":3,""yellowtail"":23}"
Legend,367600830,2021-05-26,555,true,"{""bluefin"":3,""yellowtail"":23}"
Legend,367600830,2021-05-28,527,true,"{""bluefin"":8,""yellowtail"":12}"
Legend,367600830,2021-05-30,222,true,"{""bluefin"":25}"
Legend,367600830,2021-06-01,274,true,"{""bluefin"":29,""yellowtail"":19}"
Legend,367600830,2021-06-04,540,true,"{""bluefin"":10,""Bonito"":3}"
Legend,367600830,2021-06-06,170,true,"{""Bluefin Tuna (up to 215 pounds)"":21,""Bonito"":2}"
Legend,367600830,2021-06-09,437,true,"{""bluefin"":40,""yellowtail"":3}"
Legend,367600830,2021-06-11,407,true,"{""bluefin"":3,""yellowtail"":2,""Bonito"":4}"
Legend,367600830,2021-06-13,301,true,"{""bluefin"":31,""yellowtail"":1}"
Legend,367600830,2021-06-16,471,true,"{""bluefin"":32}"
Legend,367600830,2021-06-19,230,true,"{""bluefin"":104}"
Legend,367600830,2021-06-20,210,true,"{""bluefin"":39,""yellowtail"":2}"
Legend,367600830,2021-06-23,656,true,"{""bluefin"":32}"
Legend,367600830,2021-06-25,648,true,"{""bluefin"":5,""yellowtail"":7}"
Legend,367600830,2021-06-27,485,true,"{""bluefin"":48}"
Legend,367600830,2021-06-30,884,true,"{""bluefin"":28}"
Legend,367600830,2021-07-04,670,true,"{""yellowtail"":36,""Bluefin Tuna (up to 200 pounds)"":26}"
Legend,367600830,2021-07-09,150,true,"{""bluefin"":25,""yellowfin"":5,""yellowtail"":2}"
Legend,367600830,2021-07-10,419,true,"{""bluefin"":26}"
Legend,367600830,2021-07-11,753,true,"{""bluefin"":26}"
Legend,367600830,2021-07-13,784,true,"{""bluefin"":51}"
Legend,367600830,2021-07-17,636,true,"{""bluefin"":29,""yellowfin"":1}"
Legend,367600830,2021-07-19,639,true,"{""bluefin"":46}"
Legend,367600830,2021-07-22,701,true,"{""bluefin"":8,""yellowfin"":1,""yellowtail"":154,""dorado"":8,""Bonito"":1}"
Legend,367600830,2021-07-23,136,true,"{""yellowtail"":37,""dorado"":4}"
Legend,367600830,2021-07-25,265,true,"{""bluefin"":4,""yellowfin"":2,""yellowtail"":145}"
Legend,367600830,2021-07-28,626,true,"{""bluefin"":2,""yellowfin"":2,""yellowtail"":435,""dorado"":11}"
Legend,367600830,2021-08-04,871,true,"{""bluefin"":98,""yellowfin"":19,""yellowtail"":1}"
Legend,367600830,2021-08-07,1034,true,"{""bluefin"":68,""yellowfin"":5}"
Legend,367600830,2021-08-08,1037,true,"{""bluefin"":35,""yellowfin"":5}"
Legend,367600830,2021-08-10,731,true,"{""bluefin"":56,""yellowfin"":6}"
Legend,367600830,2021-08-13,832,true,"{""bluefin"":47,""yellowfin"":2,""yellowtail"":24}"
Legend,367600830,2021-08-15,656,true,"{""bluefin"":10,""yellowfin"":2,""yellowtail"":10}"
Legend,367600830,2021-08-17,652,true,"{""bluefin"":1,""yellowtail"":41,""Bonito"":55}"
Legend,367600830,2021-08-20,624,true,"{""bluefin"":4,""yellowtail"":88,""dorado"":174}"
Legend,367600830,2021-08-22,308,true,"{""bluefin"":13,""yellowtail"":48,""dorado"":72}"
Legend,367600830,2021-08-24,1054,true,"{""bluefin"":26,""yellowfin"":1,""yellowtail"":4,""dorado"":116}"
Legend,367600830,2021-08-25,765,true,"{""bluefin"":26,""yellowfin"":4,""yellowtail"":4,""dorado"":116}"
Legend,367600830,2021-08-29,347,true,"{""bluefin"":8,""yellowtail"":41}"
Legend,367600830,2021-09-02,750,true,"{""bluefin"":11,""yellowtail"":53}"
Legend,367600830,2021-09-03,331,true,"{""dorado"":6}"
Legend,367600830,2021-09-06,705,true,"{""bluefin"":2,""yellowtail"":31,""Barracuda"":3,""Halibut"":1,""Calico Bass"":22,""Lingcod"":1,""Bonito"":100,""Rockfish"":20}"
Legend,367600830,2021-09-08,688,true,"{""bluefin"":2,""yellowtail"":13,""Bonito"":70}"
Legend,367600830,2021-09-10,646,true,"{""yellowfin"":26}"
Legend,367600830,2021-09-12,393,true,"{""bluefin"":14,""yellowtail"":6,""Bonito"":35}"
Legend,367600830,2021-09-14,441,true,"{""bluefin"":21,""yellowfin"":1}"
Legend,367600830,2021-09-17,716,true,"{""bluefin"":88,""yellowfin"":3,""yellowtail"":9}"
Legend,367600830,2021-09-19,391,true,"{""bluefin"":9,""yellowfin"":24,""yellowtail"":15}"
Legend,367600830,2021-09-21,179,true,"{""yellowfin"":56}"
Legend,367600830,2021-09-23,498,true,"{""bluefin"":51}"
Legend,367600830,2021-09-25,181,true,"{""bluefin"":35,""yellowfin"":1}"
Legend,367600830,2021-09-28,364,true,"{""bluefin"":142,""yellowfin"":31,""yellowtail"":2,""skipjack"":24}"
Legend,367600830,2021-10-03,516,true,"{""bluefin"":48,""yellowfin"":1,""yellowtail"":1}"
Legend,367600830,2021-10-06,137,true,"{""bluefin"":20,""dorado"":36}"
Legend,367600830,2021-10-08,117,true,"{""yellowtail"":145,""dorado"":58}"
Legend,367600830,2021-10-11,605,true,"{""yellowfin"":1,""yellowtail"":82,""dorado"":180}"
Legend,367600830,2021-10-12,343,true,"{""yellowfin"":1,""yellowtail"":82,""dorado"":180}"
Legend,367600830,2021-10-15,368,true,"{""bluefin"":6,""yellowtail"":2}"
Legend,367600830,2021-10-17,486,true,"{""yellowfin"":21,""yellowtail"":1}"
Legend,367600830,2021-10-21,69,true,"{""yellowfin"":253,""yellowtail"":56,""dorado"":2}"
Legend,367600830,2021-10-31,266,true,"{""bluefin"":9,""yellowfin"":84,""yellowtail"":263}"
Legend,367600830,2022-04-03,535,true,"{""bluefin"":14,""yellowtail"":31}"
Legend,367600830,2022-04-05,307,true,"{""bluefin"":32,""yellowtail"":42}"
Legend,367600830,2022-04-10,291,true,"{""bluefin"":96}"
Legend,367600830,2022-04-15,501,true,"{""bluefin"":5}"
Legend,367600830,2022-04-17,636,true,"{""bluefin"":44}"
Legend,367600830,2022-04-21,329,true,"{""bluefin"":48}"
Legend,367600830,2022-04-24,241,true,"{""Whitefish"":50,""Red Rockfish"":50}"
Legend,367600830,2022-04-29,391,true,"{""bluefin"":48}"
Legend,367600830,2022-05-01,306,true,"{""bluefin"":16}"
Legend,367600830,2022-05-03,418,true,"{""bluefin"":11}"
Legend,367600830,2022-05-08,314,true,"{""bluefin"":52}"
Legend,367600830,2022-05-17,308,true,{}
Legend,367600830,2022-05-19,149,true,"{""bluefin"":18,""yellowtail"":18}"
Legend,367600830,2022-05-22,176,true,"{""bluefin"":26}"
Legend,367600830,2022-05-25,577,true,"{""yellowtail"":15,""Bluefin Tuna (up to 160 pounds)"":67}"
Legend,367600830,2022-05-27,403,true,"{""bluefin"":21,""yellowtail"":19}"
Legend,367600830,2022-05-29,183,true,"{""bluefin"":15,""yellowtail"":12}"
Legend,367600830,2022-06-02,221,true,"{""bluefin"":33,""yellowtail"":1}"
Legend,367600830,2022-06-05,470,true,"{""bluefin"":67}"
Legend,367600830,2022-06-07,306,true,"{""bluefin"":8}"
Legend,367600830,2022-06-09,207,true,"{""bluefin"":29}"
Legend,367600830,2022-06-16,305,true,"{""Bluefin Tuna (up to 170 pounds)"":7}"
Legend,367600830,2022-06-19,445,true,"{""bluefin"":8,""yellowtail"":2,""Bonito"":2}"
Legend,367600830,2022-06-21,289,true,"{""bluefin"":20,""yellowtail"":4,""Bonito"":1}"
Legend,367600830,2022-06-23,431,true,"{""bluefin"":22}"
Legend,367600830,2022-06-26,67,true,"{""bluefin"":5}"
Legend,367600830,2022-06-29,2,true,"{""yellowfin"":14,""yellowtail"":92,""Bonito"":20}"
Legend,367600830,2022-06-30,186,true,"{""yellowfin"":19,""yellowtail"":92,""Bonito"":20}"
Legend,367600830,2022-07-04,311,true,"{""bluefin"":6,""Bonito"":21}"
Legend,367600830,2022-07-10,134,true,"{""bluefin"":1,""yellowfin"":5,""yellowtail"":420,""dorado"":28}"
Legend,367600830,2022-07-14,473,true,"{""bluefin"":34}"
Legend,367600830,2022-07-17,239,true,"{""bluefin"":9,""yellowtail"":83}"
Legend,367600830,2022-07-22,379,true,"{""yellowtail"":280,""dorado"":31}"
Legend,367600830,2022-07-26,2,true,"{""yellowtail"":300,""dorado"":48}"
Legend,367600830,2022-07-27,470,true,"{""yellowtail"":300,""dorado"":48}"
Legend,367600830,2022-07-28,3,true,"{""yellowtail"":44,""dorado"":11}"
Legend,367600830,2022-07-29,340,true,"{""yellowtail"":44,""dorado"":11}"
Legend,367600830,2022-07-30,207,true,"{""bluefin"":1,""yellowfin"":1,""yellowtail"":84,""dorado"":28}"
Legend,367600830,2022-07-31,147,true,"{""yellowfin"":5,""yellowtail"":121,""dorado"":56}"
Legend,367600830,2022-08-02,446,true,"{""yellowfin"":1,""yellowtail"":90,""dorado"":38}"
Legend,367600830,2022-08-04,1081,true,"{""bluefin"":28,""yellowfin"":3,""yellowtail"":186,""dorado"":45}"
Legend,367600830,2022-08-05,603,true,"{""bluefin"":28,""yellowfin"":3,""yellowtail"":186,""dorado"":45}"
Legend,367600830,2022-08-07,525,true,"{""bluefin"":13,""yellowtail"":41,""dorado"":26}"
Legend,367600830,2022-08-09,10,true,"{""bluefin"":5,""yellowfin"":1,""yellowtail"":329,""dorado"":127}"
Legend,367600830,2022-08-10,363,true,"{""bluefin"":5,""yellowfin"":1,""yellowtail"":329,""dorado"":127}"
Legend,367600830,2022-08-11,1,true,"{""yellowtail"":145,""dorado"":28}"
Legend,367600830,2022-08-12,322,true,"{""yellowtail"":145,""dorado"":28}"
Legend,367600830,2022-08-14,117,true,"{""yellowtail"":247,""dorado"":112}"
Legend,367600830,2022-08-15,1,true,"{""yellowtail"":160,""dorado"":64}"
Legend,367600830,2022-08-16,248,true,"{""yellowtail"":160,""dorado"":64}"
Legend,367600830,2022-08-18,412,true,"{""yellowtail"":36,""dorado"":40}"
Legend,367600830,2022-08-21,343,true,"{""Bluefin Tuna (up to 185 pounds)"":34}"
Legend,367600830,2022-08-26,285,true,"{""bluefin"":86,""yellowfin"":52,""yellowtail"":33,""dorado"":104}"
Legend,367600830,2022-08-27,164,true,"{""bluefin"":10,""yellowfin"":4,""dorado"":46}"
Legend,367600830,2022-08-29,465,true,"{""bluefin"":7,""yellowfin"":4,""yellowtail"":5,""dorado"":58}"
Legend,367600830,2022-08-30,20,true,"{""bluefin"":12,""yellowfin"":2}"
Legend,367600830,2022-08-31,513,true,"{""bluefin"":12,""yellowfin"":2}"
Legend,367600830,2022-09-01,826,true,"{""bluefin"":3,""yellowfin"":2,""dorado"":300}"
Legend,367600830,2022-09-02,497,true,"{""bluefin"":3,""yellowfin"":2,""dorado"":300}"
Legend,367600830,2022-09-05,215,true,"{""bluefin"":48,""yellowfin"":5,""yellowtail"":2,""dorado"":392}"
Legend,367600830,2022-09-08,397,true,"{""bluefin"":8,""yellowfin"":3,""dorado"":246}"
Legend,367600830,2022-09-13,622,true,"{""bluefin"":1,""dorado"":118}"
Legend,367600830,2022-09-15,582,true,"{""bluefin"":5,""yellowfin"":1,""dorado"":154}"
Legend,367600830,2022-09-17,1179,true,"{""bluefin"":21,""yellowfin"":11,""dorado"":179}"
Legend,367600830,2022-09-18,413,true,"{""bluefin"":21,""yellowfin"":11,""dorado"":179}"
Legend,367600830,2022-09-19,115,true,"{""yellowfin"":3,""yellowtail"":11,""dorado"":120}"
Legend,367600830,2022-09-22,345,true,"{""yellowfin"":12,""yellowtail"":9,""dorado"":200}"
Legend,367600830,2022-09-24,862,true,"{""bluefin"":1,""yellowfin"":1,""yellowtail"":23,""dorado"":1,""Calico Bass"":40,""Bonito"":28}"
Legend,367600830,2022-09-27,880,true,"{""bluefin"":6,""yellowfin"":228,""dorado"":180}"
Legend,367600830,2022-09-29,444,true,"{""yellowfin"":23,""yellowtail"":4,""dorado"":58}"
Legend,367600830,2022-10-01,550,true,"{""bluefin"":68,""yellowfin"":7}"
Legend,367600830,2022-10-02,666,true,"{""bluefin"":68,""yellowfin"":7}"
Legend,367600830,2022-10-04,116,true,"{""bluefin"":35,""yellowfin"":8,""yellowtail"":2,""dorado"":92}"
Legend,367600830,2022-10-06,442,true,"{""bluefin"":12,""yellowfin"":91,""dorado"":58}"
Legend,367600830,2022-10-09,411,true,"{""yellowfin"":3,""Bluefin Tuna (up to 200 pounds)"":54}"
Legend,367600830,2022-10-11,318,true,"{""yellowfin"":31,""yellowtail"":3,""dorado"":52}"
Legend,367600830,2022-10-14,592,true,"{""bluefin"":19,""yellowtail"":4,""dorado"":23}"
Legend,367600830,2022-10-16,224,true,"{""yellowfin"":6,""dorado"":64}"
Legend,367600830,2022-10-18,83,true,"{""yellowfin"":4,""dorado"":34,""Bluefin Tuna (up to 190 pounds)"":15}"
Legend,367600830,2022-10-19,579,true,"{""bluefin"":15,""yellowfin"":4,""dorado"":34}"
Legend,367600830,2022-10-23,509,true,"{""yellowtail"":5,""Bluefin Tuna (up to 200 pounds)"":67}"
Legend,367600830,2022-10-29,649,true,"{""bluefin"":65}"
Legend,367600830,2022-10-30,175,true,"{""bluefin"":65}"
Legend,367600830,2023-04-16,726,true,"{""bluefin"":77,""yellowtail"":5}"
Legend,367600830,2023-04-23,226,true,"{""bluefin"":84}"
Legend,367600830,2023-04-25,487,true,"{""Bluefin Tuna (up to 150 pounds)"":42}"
Legend,367600830,2023-04-27,495,true,"{""bluefin"":38}"
Legend,367600830,2023-04-30,275,true,"{""bluefin"":1,""yellowtail"":8,""Red Rockfish"":151}"
Legend,367600830,2023-05-04,305,true,"{""bluefin"":2,""yellowtail"":20,""Lingcod"":3,""Rockfish"":70}"
Legend,367600830,2023-05-07,344,true,"{""bluefin"":1,""yellowtail"":32,""Rockfish"":250}"
Legend,367600830,2023-05-09,560,true,"{""bluefin"":4,""yellowtail"":4}"
Legend,367600830,2023-05-11,572,true,"{""bluefin"":11,""yellowtail"":9}"
Legend,367600830,2023-05-14,730,true,"{""bluefin"":23,""yellowtail"":23}"
Legend,367600830,2023-05-18,436,true,"{""bluefin"":4,""yellowtail"":3,""Bonito"":1,""Spanish Jack"":2}"
Legend,367600830,2023-05-20,213,true,"{""yellowtail"":65,""Bluefin Tuna (up to 100 pounds)"":83}"
Legend,367600830,2023-05-22,806,true,"{""bluefin"":58,""yellowtail"":8}"
Legend,367600830,2023-05-24,536,true,"{""yellowtail"":9,""Bonito"":13,""Rockfish"":50}"
Legend,367600830,2023-05-26,523,true,"{""bluefin"":11,""Rockfish"":240}"
Legend,367600830,2023-05-28,353,true,"{""bluefin"":3,""yellowtail"":7,""Rockfish"":200}"
Legend,367600830,2023-05-30,580,true,"{""bluefin"":6,""yellowtail"":29,""Rockfish"":300}"
Legend,367600830,2023-06-04,211,true,"{""yellowfin"":1,""Bluefin Tuna (up to 150 pounds)"":3,""Rockfish"":160}"
Legend,367600830,2023-06-06,526,true,"{""bluefin"":5,""yellowtail"":6}"
Legend,367600830,2023-06-08,134,true,"{""bluefin"":5,""Rockfish"":160}"
Legend,367600830,2023-06-11,599,true,"{""Bluefin Tuna (up to 150 pounds)"":88}"
Legend,367600830,2023-06-13,428,true,"{""Bluefin Tuna (up to 170 pounds)"":24}"
Legend,367600830,2023-06-15,167,true,"{""bluefin"":40,""Rockfish"":100}"
Legend,367600830,2023-06-17,334,true,"{""bluefin"":14,""Bonito"":20}"
Legend,367600830,2023-06-19,708,true,"{""yellowtail"":2,""Bluefin Tuna (up to 160 pounds)"":17,""Bonito"":37}"
Legend,367600830,2023-06-21,747,true,"{""Bluefin Tuna (up to 130 pounds)"":25}"
Legend,367600830,2023-06-27,401,true,"{""bluefin"":88,""yellowtail"":4}"
Legend,367600830,2023-06-29,559,true,"{""bluefin"":54,""yellowfin"":4}"
Legend,367600830,2023-07-02,605,true,"{""Bluefin Tuna (up to 160 pounds)"":62}"
Legend,367600830,2023-07-04,338,true,"{""Bluefin Tuna (up to 170 pounds)"":35}"
Legend,367600830,2023-07-09,720,true,"{""yellowfin"":59,""Bluefin Tuna (up to 130 pounds)"":156}"
Legend,367600830,2023-07-11,515,true,"{""Bluefin Tuna (up to 180 pounds)"":51}"
Legend,367600830,2023-07-14,516,true,"{""bluefin"":64,""yellowfin"":18}"
Legend,367600830,2023-07-16,333,true,"{""bluefin"":20}"
Legend,367600830,2023-07-18,264,true,"{""bluefin"":5,""yellowfin"":41}"
Legend,367600830,2023-07-20,304,true,"{""bluefin"":27}"
Legend,367600830,2023-07-23,715,true,"{""bluefin"":30,""yellowtail"":17,""Rockfish"":200}"
Legend,367600830,2023-07-25,243,true,"{""bluefin"":98,""yellowfin"":5}"
Legend,367600830,2023-07-27,163,true,"{""bluefin"":30,""yellowfin"":4}"
Legend,367600830,2023-07-30,256,true,"{""bluefin"":22,""yellowtail"":12}"
Legend,367600830,2023-08-01,378,true,"{""bluefin"":44,""yellowtail"":13}"
Legend,367600830,2023-08-04,157,true,"{""bluefin"":14,""dorado"":1}"
Legend,367600830,2023-08-06,288,true,"{""bluefin"":36,""yellowfin"":1,""yellowtail"":2,""dorado"":31}"
Legend,367600830,2023-08-08,512,true,"{""bluefin"":2,""yellowtail"":14,""dorado"":120}"
Legend,367600830,2023-08-11,624,true,"{""bluefin"":102,""yellowfin"":2,""yellowtail"":4,""dorado"":53}"
Legend,367600830,2023-08-13,322,true,"{""bluefin"":43,""yellowtail"":2}"
Legend,367600830,2023-08-16,279,true,"{""yellowtail"":18,""Bluefin Tuna (up to 200 pounds)"":120}"
Legend,367600830,2023-08-18,243,true,"{""bluefin"":41,""yellowtail"":12}"
Legend,367600830,2023-08-20,298,true,"{""bluefin"":11}"
Legend,367600830,2023-08-24,818,true,"{""bluefin"":47,""yellowtail"":36,""dorado"":3}"
Legend,367600830,2023-08-27,379,true,"{""bluefin"":144,""yellowfin"":3,""yellowtail"":11,""dorado"":2,""Rockfish"":100}"
Legend,367600830,2023-08-29,574,true,"{""bluefin"":1,""yellowfin"":1,""yellowtail"":5,""dorado"":180}"
Legend,367600830,2023-08-31,439,true,"{""bluefin"":5,""yellowfin"":3,""yellowtail"":3,""dorado"":87}"
Legend,367600830,2023-09-04,522,true,"{""dorado"":34,""Bluefin Tuna (up to 160 pounds)"":41}"
Legend,367600830,2023-09-07,369,true,"{""bluefin"":86,""yellowfin"":122,""dorado"":376}"
Legend,367600830,2023-09-09,739,true,"{""bluefin"":102,""dorado"":32}"
Legend,367600830,2023-09-11,879,true,"{""Bluefin Tuna (up to 180 pounds)"":17}"
Legend,367600830,2023-09-14,817,true,"{""yellowfin"":5,""Bluefin Tuna (up to 170 pounds)"":97}"
Legend,367600830,2023-09-17,883,true,"{""bluefin"":156,""yellowfin"":11,""dorado"":14}"
Legend,367600830,2023-09-19,806,true,"{""bluefin"":65}"
Legend,367600830,2023-09-21,828,true,"{""bluefin"":56}"
Legend,367600830,2023-09-23,797,true,"{""bluefin"":10}"
Legend,367600830,2023-09-29,494,true,"{""bluefin"":28,""yellowfin"":46}"
Legend,367600830,2023-10-02,258,true,"{""bluefin"":92,""yellowfin"":56}"
Legend,367600830,2023-10-05,114,true,"{""bluefin"":10,""yellowfin"":102}"
Legend,367600830,2023-10-08,120,true,"{""bluefin"":107}"
Legend,367600830,2023-10-11,111,true,"{""bluefin"":174}"
Legend,367600830,2023-10-13,910,true,"{""bluefin"":56}"
Legend,367600830,2023-10-15,648,true,"{""bluefin"":56}"
Legend,367600830,2023-10-17,256,true,"{""bluefin"":65,""yellowfin"":31,""dorado"":18}"
Legend,367600830,2023-10-22,730,true,"{""bluefin"":55,""yellowfin"":26}"
Legend,367600830,2024-03-24,256,true,"{""Bluefin Tuna (up to 130 pounds)"":3}"
Legend,367600830,2024-03-25,356,true,"{""Bluefin Tuna (up to 130 pounds)"":3}"
Legend,367600830,2024-04-14,584,true,"{""Bonito"":60,""Rockfish"":240}"
Legend,367600830,2024-04-21,553,true,"{""bluefin"":4,""Lingcod"":26,""Rockfish"":100,""Red Rockfish"":34}"
Legend,367600830,2024-05-05,704,true,"{""Bluefin Tuna (up to 60 pounds)"":18}"
Legend,367600830,2024-05-11,500,true,"{""Bluefin Tuna (up to 140 pounds)"":16}"
Legend,367600830,2024-05-19,361,true,"{""bluefin"":25}"
Legend,367600830,2024-05-26,276,true,"{""Bluefin Tuna (up to 130 pounds)"":7}"
Legend,367600830,2024-05-28,220,true,"{""Bluefin Tuna (up to 150 pounds)"":7}"
Legend,367600830,2024-05-30,399,true,{}
Legend,367600830,2024-06-04,222,true,"{""Bluefin Tuna (up to 150 pounds)"":21}"
Legend,367600830,2024-06-09,303,true,"{""Bluefin Tuna (up to 150 pounds)"":16}"
Legend,367600830,2024-06-11,452,true,"{""bluefin"":30}"
Legend,367600830,2024-06-14,364,true,"{""bluefin"":49}"
Legend,367600830,2024-06-16,143,true,"{""bluefin"":44}"
Legend,367600830,2024-06-18,265,true,"{""bluefin"":49}"
Legend,367600830,2024-06-20,271,true,"{""bluefin"":39,""Bonito"":17}"
Legend,367600830,2024-06-27,158,true,"{""bluefin"":45}"
Legend,367600830,2024-07-02,176,true,"{""bluefin"":63}"
Legend,367600830,2024-07-04,196,true,"{""bluefin"":31}"
Legend,367600830,2024-07-08,276,true,"{""Bluefin Tuna (up to 180 pounds)"":66}"
Legend,367600830,2024-07-11,372,true,"{""bluefin"":69}"
Legend,367600830,2024-07-14,268,true,"{""bluefin"":30}"
Legend,367600830,2024-07-16,322,true,"{""yellowtail"":37,""dorado"":2}"
Legend,367600830,2024-07-19,369,true,"{""bluefin"":1,""yellowtail"":11}"
Legend,367600830,2024-07-23,759,true,"{""Bluefin Tuna (up to 100 pounds)"":18}"
Legend,367600830,2024-07-25,588,true,"{""bluefin"":2}"
Legend,367600830,2024-07-28,526,true,"{""Bluefin Tuna (up to 200 pounds)"":42}"
Legend,367600830,2024-07-31,541,true,"{""bluefin"":67}"
Legend,367600830,2024-08-02,339,true,"{""bluefin"":26}"
Legend,367600830,2024-08-04,552,true,"{""bluefin"":6}"
Legend,367600830,2024-08-08,529,true,"{""bluefin"":112}"
Legend,367600830,2024-08-11,371,true,"{""bluefin"":57,""yellowtail"":6}"
Legend,367600830,2024-08-15,171,true,"{""bluefin"":168,""yellowtail"":49}"
Legend,367600830,2024-08-18,190,true,"{""bluefin"":30,""yellowtail"":45,""White Seabass"":13}"
Legend,367600830,2024-08-20,510,true,"{""bluefin"":25,""yellowtail"":1}"
Legend,367600830,2024-08-22,231,true,"{""bluefin"":25}"
Legend,367600830,2024-08-25,175,true,"{""bluefin"":37,""yellowtail"":14}"
Legend,367600830,2024-08-30,257,true,"{""bluefin"":116,""yellowtail"":5}"
Legend,367600830,2024-09-05,410,true,"{""Bluefin Tuna (up to 180 pounds)"":138}"
Legend,367600830,2024-09-07,478,true,"{""bluefin"":41,""yellowfin"":1,""yellowtail"":1}"
Legend,367600830,2024-09-09,458,true,"{""Bluefin Tuna (up to 200 pounds)"":56}"
Legend,367600830,2024-09-15,203,true,"{""Bluefin Tuna (up to 180 pounds)"":121}"
Legend,367600830,2024-09-22,221,true,"{""bluefin"":88,""yellowtail"":5,""Striped Marlin"":1}"
Legend,367600830,2024-09-29,106,true,"{""bluefin"":61}"
Legend,367600830,2024-10-01,236,true,"{""bluefin"":51}"
Legend,367600830,2024-10-04,141,true,"{""bluefin"":17,""yellowfin"":1}"
Legend,367600830,2024-10-13,200,true,"{""bluefin"":35}"
Legend,367600830,2024-10-15,395,true,"{""bluefin"":15,""yellowtail"":4}"
Legend,367600830,2024-10-17,162,true,"{""yellowfin"":28}"
Legend,367600830,2024-10-20,124,true,"{""yellowfin"":54,""yellowtail"":6}"
Legend,367600830,2024-10-22,368,true,"{""bluefin"":35}"
Legend,367600830,2024-10-27,402,true,"{""bluefin"":2,""yellowfin"":131}"
Legend,367600830,2025-04-27,81,true,"{""bluefin"":100}"
Legend,367600830,2025-05-04,638,true,"{""bluefin"":6,""yellowtail"":19}"
Legend,367600830,2025-05-11,329,true,{}
Legend,367600830,2025-05-18,322,true,"{""bluefin"":30}"
Legend,367600830,2025-05-25,671,true,"{""bluefin"":9}"
Legend,367600830,2025-05-29,325,true,"{""bluefin"":24}"
Legend,367600830,2025-06-01,141,true,"{""bluefin"":38}"
Legend,367600830,2025-06-03,274,true,"{""bluefin"":62}"
Legend,367600830,2025-06-06,147,true,"{""bluefin"":18}"
Legend,367600830,2025-06-08,240,true,"{""bluefin"":5}"
Legend,367600830,2025-06-10,208,true,"{""bluefin"":2}"
Legend,367600830,2025-06-15,109,true,"{""bluefin"":32}"
Legend,367600830,2025-06-17,108,true,"{""bluefin"":44}"
Legend,367600830,2025-06-20,175,true,"{""bluefin"":13}"
Legend,367600830,2025-06-24,141,true,"{""bluefin"":8}"
Legend,367600830,2025-06-26,165,true,"{""bluefin"":19}"
Legend,367600830,2025-06-29,139,true,"{""bluefin"":56}"
Legend,367600830,2025-07-02,324,true,"{""bluefin"":59,""yellowtail"":6}"
Legend,367600830,2025-07-06,193,true,"{""bluefin"":122,""yellowtail"":61}"
Legend,367600830,2025-07-08,179,true,"{""bluefin"":47}"
Legend,367600830,2025-07-13,194,true,"{""Bluefin Tuna (up to 200 pounds)"":50}"
Legend,367600830,2025-07-15,401,true,"{""bluefin"":17}"
Legend,367600830,2025-07-17,196,true,"{""bluefin"":67}"
Legend,367600830,2025-07-20,436,true,"{""bluefin"":128}"
Legend,367600830,2025-07-23,332,true,"{""bluefin"":120}"
Legend,367600830,2025-07-27,299,true,"{""bluefin"":32}"
Legend,367600830,2025-07-29,266,true,"{""bluefin"":17}"
Legend,367600830,2025-08-01,429,true,"{""yellowtail"":108,""Barracuda"":25,""White Seabass"":2}"
Legend,367600830,2025-08-03,200,true,"{""bluefin"":27,""yellowtail"":12}"
Legend,367600830,2025-08-07,204,true,"{""bluefin"":14,""yellowtail"":56}"
Legend,367600830,2025-08-10,352,true,{}
Legend,367600830,2025-08-20,88,true,"{""bluefin"":18,""Monchong"":1}"
Legend,367600830,2025-08-24,223,true,"{""bluefin"":162,""yellowtail"":96,""White Seabass"":2}"
Legend,367600830,2025-08-31,158,true,"{""bluefin"":41}"
Legend,367600830,2025-09-03,115,true,"{""bluefin"":61}"
Legend,367600830,2025-09-05,243,true,"{""bluefin"":2,""yellowfin"":3,""dorado"":2}"
Legend,367600830,2025-09-08,66,true,"{""bluefin"":21,""yellowtail"":9}"
Legend,367600830,2025-09-16,183,true,"{""bluefin"":116}"
Legend,367600830,2025-09-18,166,true,"{""bluefin"":19}"
Legend,367600830,2025-09-21,208,true,"{""bluefin"":168}"
Legend,367600830,2025-09-24,128,true,"{""bluefin"":116}"
Legend,367600830,2025-09-25,141,true,"{""bluefin"":15}"
Legend,367600830,2025-09-28,146,true,"{""bluefin"":72,""yellowfin"":81,""yellowtail"":19}"
Legend,367600830,2025-10-01,182,true,"{""bluefin"":44,""yellowfin"":14,""yellowtail"":82,""dorado"":6}"
Legend,367600830,2025-10-02,45,true,"{""bluefin"":5}"
Legend,367600830,2025-10-06,151,true,"{""bluefin"":42,""yellowfin"":1,""yellowtail"":12,""dorado"":1}"
Legend,367600830,2025-10-09,64,true,"{""bluefin"":134,""yellowfin"":45,""yellowtail"":41,""dorado"":3}"
Legend,367600830,2025-10-13,139,true,"{""bluefin"":84,""yellowfin"":2}"
Legend,367600830,2025-10-19,125,true,"{""bluefin"":180}"
Legend,367600830,2025-10-21,139,true,"{""bluefin"":52}"
Legend,367600830,2025-10-23,159,true,"{""bluefin"":114}"
Legend,367600830,2025-10-26,238,true,"{""bluefin"":180}"
Legend,367600830,2025-10-28,330,true,"{""bluefin"":38}"
Legend,367600830,2025-10-30,156,true,"{""bluefin"":108}"
Liberty,367740760,2020-03-04,496,true,"{""Bonito"":1,""Rockfish"":140,""Vermilion Rockfish"":65}"
Liberty,367740760,2020-03-05,534,true,"{""yellowtail"":2,""Sheephead"":1,""Lingcod"":1,""Rockfish"":70,""Vermilion Rockfish"":30}"
Liberty,367740760,2020-03-15,392,true,"{""yellowtail"":9,""Rockfish"":100,""Vermilion Rockfish"":40}"
Liberty,367740760,2020-06-08,282,true,"{""yellowfin"":1,""yellowtail"":10}"
Liberty,367740760,2020-06-09,389,true,"{""bluefin"":8,""yellowtail"":3}"
Liberty,367740760,2020-06-10,188,true,"{""yellowtail"":3}"
Liberty,367740760,2020-06-11,170,true,"{""yellowtail"":11}"
Liberty,367740760,2020-06-17,327,true,"{""yellowtail"":140}"
Liberty,367740760,2020-06-18,525,true,"{""yellowtail"":68,""Halibut"":3,""Rockfish"":20}"
Liberty,367740760,2020-06-19,170,true,"{""yellowtail"":155}"
Liberty,367740760,2020-06-22,137,true,"{""yellowtail"":10,""Barracuda"":20,""Lingcod"":1,""Rockfish"":22}"
Liberty,367740760,2020-06-23,633,true,"{""yellowtail"":65}"
Liberty,367740760,2020-06-24,226,true,"{""yellowtail"":23,""Calico Bass"":45,""Rockfish"":5}"
Liberty,367740760,2020-06-27,118,true,"{""yellowtail"":3,""Barracuda"":14,""Calico Bass"":66,""Bonito"":20,""Rockfish"":10}"
Liberty,367740760,2020-06-28,524,true,"{""yellowtail"":9,""Sheephead"":4,""Calico Bass"":60,""Mako Shark"":1,""Bonito"":4,""Rockfish"":117}"
Liberty,367740760,2020-06-29,528,true,"{""yellowtail"":16,""Barracuda"":20,""Sheephead"":4,""Calico Bass"":130,""Lingcod"":2,""Bonito"":4,""Rockfish"":80}"
Liberty,367740760,2020-06-30,474,true,"{""yellowtail"":9,""Barracuda"":10,""Calico Bass"":80,""Bonito"":2,""Rockfish"":10,""White Seabass"":1}"
Liberty,367740760,2020-07-01,483,true,"{""yellowtail"":4,""Barracuda"":22,""Sheephead"":5,""Calico Bass"":55,""Lingcod"":2,""Rockfish"":35}"
Liberty,367740760,2020-07-02,497,true,"{""yellowtail"":24,""Sand Bass"":1,""Barracuda"":53,""Sheephead"":2,""Calico Bass"":95,""Rockfish"":48}"
Liberty,367740760,2020-07-03,544,true,"{""yellowtail"":11,""Barracuda"":15,""Calico Bass"":50,""Lingcod"":1,""Rockfish"":25}"
Liberty,367740760,2020-07-04,556,true,"{""yellowtail"":6,""Barracuda"":25,""Calico Bass"":55,""Whitefish"":75,""Bonito"":4,""Rockfish"":15}"
Liberty,367740760,2020-07-05,589,true,"{""yellowtail"":5,""Barracuda"":47,""Calico Bass"":45,""Whitefish"":83,""Rockfish"":2}"
Liberty,367740760,2020-07-08,582,true,"{""bluefin"":1,""yellowtail"":1,""Barracuda"":3,""Sheephead"":4,""Calico Bass"":68,""Bonito"":1,""Rockfish"":4}"
Liberty,367740760,2020-07-09,240,true,"{""bluefin"":51,""yellowfin"":9}"
Liberty,367740760,2020-07-10,196,true,"{""bluefin"":32}"
Liberty,367740760,2020-07-12,115,true,"{""bluefin"":56,""yellowfin"":1}"
Liberty,367740760,2020-07-13,214,true,"{""bluefin"":69,""yellowfin"":2}"
Liberty,367740760,2020-07-17,108,true,"{""bluefin"":9,""yellowfin"":1}"
Liberty,367740760,2020-07-18,311,true,"{""bluefin"":34,""yellowfin"":2}"
Liberty,367740760,2020-07-19,204,true,"{""bluefin"":30,""yellowfin"":10,""yellowtail"":2}"
Liberty,367740760,2020-07-20,494,true,"{""bluefin"":51,""yellowfin"":29}"
Liberty,367740760,2020-07-21,677,true,"{""bluefin"":36,""yellowfin"":26}"
Liberty,367740760,2020-07-22,189,true,"{""bluefin"":27,""yellowfin"":5,""yellowtail"":2}"
Liberty,367740760,2020-07-29,110,true,"{""bluefin"":30,""yellowtail"":1}"
Liberty,367740760,2020-07-30,269,true,"{""bluefin"":46,""yellowfin"":1}"
Liberty,367740760,2020-07-31,359,true,"{""bluefin"":7,""yellowfin"":4,""yellowtail"":1}"
Liberty,367740760,2020-08-01,291,true,"{""bluefin"":40,""yellowfin"":1,""yellowtail"":29}"
Liberty,367740760,2020-08-02,126,true,"{""bluefin"":29,""yellowfin"":16,""yellowtail"":9}"
Liberty,367740760,2020-08-03,116,true,"{""bluefin"":36,""yellowfin"":42}"
Liberty,367740760,2020-08-07,65,true,"{""yellowfin"":1}"
Liberty,367740760,2020-08-08,778,true,"{""yellowfin"":4,""yellowtail"":1,""dorado"":1}"
Liberty,367740760,2020-08-09,150,true,"{""yellowfin"":1}"
Liberty,367740760,2020-08-11,123,true,"{""yellowfin"":1}"
Liberty,367740760,2020-08-13,59,true,"{""yellowfin"":3}"
Liberty,367740760,2020-08-17,107,true,"{""yellowfin"":1,""yellowtail"":4}"
Liberty,367740760,2020-08-18,210,true,{}
Liberty,367740760,2020-08-20,124,true,"{""yellowtail"":6,""Barracuda"":1,""Calico Bass"":1,""Bonito"":28,""Rockfish"":2}"
Liberty,367740760,2020-08-21,222,true,"{""yellowtail"":12,""dorado"":62}"
Liberty,367740760,2020-08-27,119,true,"{""yellowtail"":32,""Calico Bass"":54,""Bonito"":52}"
Liberty,367740760,2020-08-28,819,true,"{""yellowfin"":1,""yellowtail"":2,""dorado"":36}"
Liberty,367740760,2020-08-29,386,true,"{""yellowtail"":5,""dorado"":54}"
Liberty,367740760,2020-08-30,147,true,"{""yellowfin"":4,""yellowtail"":8,""dorado"":40}"
Liberty,367740760,2020-09-04,242,true,"{""dorado"":74}"
Liberty,367740760,2020-09-06,328,true,"{""yellowfin"":15,""yellowtail"":12,""dorado"":112,""skipjack"":14,""Bluefin Tuna (up to 100 pounds)"":20}"
Liberty,367740760,2020-09-07,192,true,"{""yellowfin"":110,""dorado"":44}"
Liberty,367740760,2020-09-10,132,true,"{""yellowfin"":197,""dorado"":1,""skipjack"":15}"
Liberty,367740760,2020-09-12,265,true,"{""yellowfin"":7,""yellowtail"":6,""skipjack"":1}"
Liberty,367740760,2020-09-13,108,true,"{""yellowfin"":46,""dorado"":2,""skipjack"":5}"
Liberty,367740760,2020-09-14,262,true,"{""yellowfin"":133,""dorado"":1,""skipjack"":1}"
Liberty,367740760,2020-09-15,148,true,"{""yellowfin"":2,""yellowtail"":17}"
Liberty,367740760,2020-09-17,554,true,"{""bluefin"":14,""yellowfin"":52}"
Liberty,367740760,2020-09-18,254,true,"{""yellowfin"":62}"
Liberty,367740760,2020-09-20,468,true,"{""yellowfin"":44,""dorado"":92,""skipjack"":1}"
Liberty,367740760,2020-09-22,134,true,"{""yellowfin"":237,""dorado"":104}"
Liberty,367740760,2020-09-23,186,true,"{""yellowfin"":28,""yellowtail"":14,""dorado"":36,""skipjack"":20}"
Liberty,367740760,2020-09-24,282,true,"{""yellowfin"":44,""dorado"":1,""skipjack"":112}"
Liberty,367740760,2020-09-25,219,true,"{""yellowfin"":2,""yellowtail"":11,""skipjack"":1,""Bonito"":1}"
Liberty,367740760,2020-09-26,231,true,"{""yellowfin"":57,""dorado"":2,""skipjack"":20}"
Liberty,367740760,2020-09-28,284,true,"{""yellowfin"":58,""dorado"":56,""skipjack"":18}"
Liberty,367740760,2020-09-29,399,true,"{""yellowtail"":4,""dorado"":7}"
Liberty,367740760,2020-09-30,366,true,"{""yellowtail"":39,""dorado"":10,""skipjack"":1}"
Liberty,367740760,2020-10-01,671,true,"{""yellowfin"":7,""dorado"":1,""skipjack"":1}"
Liberty,367740760,2020-10-02,304,true,"{""yellowfin"":51,""dorado"":20,""skipjack"":54}"
Liberty,367740760,2020-10-03,190,true,"{""yellowfin"":78,""yellowtail"":4,""dorado"":2,""skipjack"":40}"
Liberty,367740760,2020-10-07,289,true,"{""yellowfin"":2,""yellowtail"":18}"
Liberty,367740760,2020-10-08,324,true,"{""yellowfin"":1,""skipjack"":75}"
Liberty,367740760,2020-10-09,358,true,"{""yellowfin"":36,""yellowtail"":5,""dorado"":2,""skipjack"":3}"
Liberty,367740760,2020-10-10,376,true,"{""yellowfin"":17,""dorado"":14}"
Liberty,367740760,2020-10-11,449,true,"{""yellowtail"":109,""skipjack"":3}"
Liberty,367740760,2020-10-13,718,true,"{""bluefin"":53,""yellowtail"":2,""dorado"":2,""skipjack"":20}"
Liberty,367740760,2020-10-14,358,true,"{""yellowfin"":34,""yellowtail"":80,""dorado"":14,""skipjack"":9}"
Liberty,367740760,2020-10-15,310,true,"{""yellowfin"":171,""yellowtail"":100}"
Liberty,367740760,2020-10-16,327,true,"{""yellowfin"":52,""yellowtail"":25,""dorado"":3,""skipjack"":30}"
Liberty,367740760,2020-10-17,342,true,"{""yellowfin"":1,""yellowtail"":5,""dorado"":1,""skipjack"":38}"
Liberty,367740760,2020-10-18,137,true,"{""yellowfin"":107,""yellowtail"":45,""dorado"":30}"
Liberty,367740760,2020-10-20,144,true,"{""yellowfin"":30,""yellowtail"":70,""dorado"":15,""skipjack"":43}"
Liberty,367740760,2020-10-21,235,true,"{""yellowfin"":37,""yellowtail"":85,""skipjack"":75}"
Liberty,367740760,2020-10-22,259,true,"{""yellowfin"":94,""yellowtail"":82,""skipjack"":112}"
Liberty,367740760,2020-10-24,467,true,"{""bluefin"":8,""yellowtail"":27}"
Liberty,367740760,2020-10-25,290,true,"{""yellowfin"":15,""yellowtail"":79,""dorado"":51,""skipjack"":14}"
Liberty,367740760,2020-10-26,307,true,"{""yellowfin"":35,""yellowtail"":99,""dorado"":38,""skipjack"":4}"
Liberty,367740760,2020-10-27,205,true,"{""yellowfin"":53,""yellowtail"":27,""dorado"":20,""skipjack"":26}"
Liberty,367740760,2020-10-28,133,true,"{""yellowfin"":8,""yellowtail"":120,""dorado"":13}"
Liberty,367740760,2020-10-29,421,true,"{""yellowfin"":5,""yellowtail"":30,""dorado"":12}"
Liberty,367740760,2020-10-30,324,true,"{""yellowtail"":185,""dorado"":9}"
Liberty,367740760,2020-10-31,162,true,"{""yellowfin"":5,""yellowtail"":3,""dorado"":1,""skipjack"":13}"
Liberty,367740760,2021-05-03,286,true,"{""yellowtail"":71}"
Liberty,367740760,2021-05-04,327,true,"{""bluefin"":6,""yellowtail"":10}"
Liberty,367740760,2021-05-05,281,true,"{""bluefin"":8,""yellowtail"":9}"
Liberty,367740760,2021-05-06,381,true,"{""bluefin"":1,""yellowtail"":11}"
Liberty,367740760,2021-05-07,593,true,"{""bluefin"":15}"
Liberty,367740760,2021-05-08,172,true,"{""bluefin"":15,""Bonito"":2}"
Liberty,367740760,2021-05-09,500,true,"{""Bluefin Tuna (up to 70 pounds)"":43}"
Liberty,367740760,2021-05-10,91,true,"{""yellowtail"":2,""Bonito"":114}"
Liberty,367740760,2021-05-13,79,true,"{""bluefin"":16}"
Liberty,367740760,2021-05-14,464,true,"{""bluefin"":1,""yellowtail"":199}"
Liberty,367740760,2021-05-15,186,true,"{""bluefin"":14}"
Liberty,367740760,2021-05-16,144,true,"{""bluefin"":1,""yellowtail"":22}"
Liberty,367740760,2021-05-17,356,true,"{""yellowtail"":69}"
Liberty,367740760,2021-05-19,407,true,"{""yellowtail"":38}"
Liberty,367740760,2021-05-23,326,true,"{""yellowtail"":37,""Sand Bass"":1,""Calico Bass"":12,""Lingcod"":1}"
Liberty,367740760,2021-05-25,236,true,"{""yellowtail"":34,""Calico Bass"":24,""Bonito"":41}"
Liberty,367740760,2021-05-26,612,true,"{""yellowtail"":7,""Sheephead"":5,""Calico Bass"":31,""Bonito"":9,""Rockfish"":15}"
Liberty,367740760,2021-05-27,610,true,"{""yellowtail"":23,""Calico Bass"":38,""Bonito"":70}"
Liberty,367740760,2021-05-28,600,true,"{""yellowtail"":16,""Barracuda"":8,""Calico Bass"":28,""Bonito"":22}"
Liberty,367740760,2021-05-29,295,true,"{""bluefin"":24}"
Liberty,367740760,2021-05-31,145,true,"{""bluefin"":5}"
Liberty,367740760,2021-06-01,376,true,"{""yellowtail"":2,""Bluefin Tuna (up to 140 pounds)"":5}"
Liberty,367740760,2021-06-02,407,true,"{""bluefin"":1,""yellowtail"":40}"
Liberty,367740760,2021-06-03,205,true,"{""yellowtail"":48}"
Liberty,367740760,2021-06-04,271,true,"{""yellowtail"":2,""Bonito"":90}"
Liberty,367740760,2021-06-05,337,true,"{""yellowtail"":17,""Bonito"":115}"
Liberty,367740760,2021-06-06,188,true,"{""bluefin"":15,""Bonito"":64}"
Liberty,367740760,2021-06-07,130,true,"{""bluefin"":7,""Bonito"":14}"
Liberty,367740760,2021-06-08,330,true,"{""bluefin"":29}"
Liberty,367740760,2021-06-11,339,true,"{""bluefin"":7,""yellowtail"":31,""Bonito"":2}"
Liberty,367740760,2021-06-12,294,true,"{""bluefin"":4,""yellowtail"":10,""Bonito"":54}"
Liberty,367740760,2021-06-13,314,true,"{""bluefin"":7,""Bonito"":16}"
Liberty,367740760,2021-06-14,180,true,"{""bluefin"":1,""yellowtail"":10,""Bonito"":29}"
Liberty,367740760,2021-06-15,219,true,"{""bluefin"":2}"
Liberty,367740760,2021-06-16,223,true,"{""bluefin"":20}"
Liberty,367740760,2021-06-17,181,true,"{""bluefin"":60}"
Liberty,367740760,2021-06-28,96,true,"{""bluefin"":8,""Bonito"":3}"
Liberty,367740760,2021-06-30,709,true,"{""Bluefin Tuna (up to 190 pounds)"":11}"
Liberty,367740760,2021-07-01,333,true,"{""yellowtail"":22}"
Liberty,367740760,2021-07-02,198,true,"{""bluefin"":7}"
Liberty,367740760,2021-07-04,140,true,"{""Bluefin Tuna (up to 200 pounds)"":6}"
Liberty,367740760,2021-07-05,285,true,"{""bluefin"":35}"
Liberty,367740760,2021-07-06,349,true,"{""bluefin"":19}"
Liberty,367740760,2021-07-07,439,true,"{""bluefin"":38,""yellowfin"":5}"
Liberty,367740760,2021-07-08,302,true,"{""bluefin"":7,""yellowfin"":1}"
Liberty,367740760,2021-07-09,323,true,"{""bluefin"":9}"
Liberty,367740760,2021-07-10,722,true,"{""bluefin"":7,""yellowtail"":73,""Barracuda"":15,""Calico Bass"":108}"
Liberty,367740760,2021-07-11,254,true,"{""bluefin"":55}"
Liberty,367740760,2021-07-12,310,true,"{""Bluefin Tuna (up to 80 pounds)"":50}"
Liberty,367740760,2021-07-13,236,true,"{""bluefin"":44,""yellowfin"":2}"
Liberty,367740760,2021-07-14,389,true,"{""bluefin"":66,""yellowfin"":1}"
Liberty,367740760,2021-07-15,155,true,"{""bluefin"":33}"
Liberty,367740760,2021-07-19,112,true,"{""bluefin"":16,""yellowfin"":4,""yellowtail"":11,""Bonito"":24}"
Liberty,367740760,2021-07-20,179,true,"{""yellowfin"":1,""yellowtail"":84,""Bonito"":1}"
Liberty,367740760,2021-07-21,213,true,"{""bluefin"":1,""yellowfin"":1,""yellowtail"":14}"
Liberty,367740760,2021-07-27,200,true,"{""yellowtail"":6,""dorado"":2,""Bonito"":1}"
Liberty,367740760,2021-07-28,488,true,"{""bluefin"":4}"
Liberty,367740760,2021-07-29,675,true,"{""bluefin"":2}"
Liberty,367740760,2021-07-31,27,true,"{""Bonito"":58}"
Liberty,367740760,2021-08-02,171,true,"{""bluefin"":36,""yellowfin"":3}"
Liberty,367740760,2021-08-05,124,true,"{""bluefin"":27}"
Liberty,367740760,2021-08-06,267,true,"{""bluefin"":56,""yellowfin"":4,""yellowtail"":6}"
Liberty,367740760,2021-08-08,268,true,"{""bluefin"":28,""yellowfin"":3}"
Liberty,367740760,2021-08-09,290,true,"{""yellowtail"":25,""dorado"":2,""Bonito"":49}"
Liberty,367740760,2021-08-10,420,true,"{""bluefin"":3,""yellowfin"":12}"
Liberty,367740760,2021-08-12,851,true,"{""bluefin"":46,""yellowfin"":6,""yellowtail"":44}"
Liberty,367740760,2021-08-14,322,true,"{""yellowtail"":2,""dorado"":2}"
Liberty,367740760,2021-08-17,240,true,"{""bluefin"":3,""yellowtail"":95,""dorado"":2}"
Liberty,367740760,2021-08-18,339,true,"{""yellowtail"":5,""dorado"":31}"
Liberty,367740760,2021-08-19,362,true,"{""yellowfin"":1,""yellowtail"":12,""dorado"":51}"
Liberty,367740760,2021-08-20,939,true,"{""yellowtail"":14,""dorado"":141}"
Liberty,367740760,2021-08-21,740,true,"{""bluefin"":32,""yellowtail"":63,""dorado"":1}"
Liberty,367740760,2021-08-22,137,true,"{""bluefin"":5,""yellowfin"":4,""dorado"":1}"
Liberty,367740760,2021-08-25,165,true,"{""yellowtail"":33}"
Liberty,367740760,2021-08-27,488,true,"{""yellowtail"":2,""dorado"":18}"
Liberty,367740760,2021-08-28,206,true,"{""bluefin"":12}"
Liberty,367740760,2021-09-03,86,true,"{""yellowtail"":2,""Halibut"":1,""Rockfish"":150}"
Liberty,367740760,2021-09-05,171,true,{}
Liberty,367740760,2021-09-06,267,true,"{""dorado"":22}"
Liberty,367740760,2021-09-08,130,true,"{""yellowfin"":9,""dorado"":2}"
Liberty,367740760,2021-09-09,230,true,"{""yellowfin"":10}"
Liberty,367740760,2021-09-10,275,true,"{""yellowfin"":2,""Bonito"":1}"
Liberty,367740760,2021-09-11,369,true,"{""yellowtail"":1,""dorado"":4}"
Liberty,367740760,2021-09-12,434,true,{}
Liberty,367740760,2021-09-14,826,true,"{""bluefin"":52}"
Liberty,367740760,2021-09-15,266,true,"{""dorado"":6,""Bonito"":5}"
Liberty,367740760,2021-09-17,157,true,"{""bluefin"":19,""yellowfin"":1,""Bonito"":1}"
Liberty,367740760,2021-09-21,836,true,"{""bluefin"":68,""yellowfin"":4}"
Liberty,367740760,2021-09-22,609,true,"{""yellowtail"":2,""Calico Bass"":60,""Bonito"":15,""Rockfish"":100}"
Liberty,367740760,2021-09-23,292,true,"{""bluefin"":9,""yellowtail"":4}"
Liberty,367740760,2021-09-24,169,true,"{""bluefin"":10,""yellowfin"":2}"
Liberty,367740760,2021-09-27,165,true,"{""bluefin"":7,""yellowfin"":110,""skipjack"":31}"
Liberty,367740760,2021-09-28,459,true,"{""bluefin"":58,""yellowfin"":108,""skipjack"":26}"
Liberty,367740760,2021-10-01,136,true,"{""yellowtail"":13,""dorado"":19}"
Liberty,367740760,2021-10-02,207,true,"{""yellowtail"":1,""dorado"":1}"
Liberty,367740760,2021-10-04,160,true,"{""yellowfin"":1,""yellowtail"":1}"
Liberty,367740760,2021-10-05,223,true,"{""bluefin"":16,""yellowtail"":38,""skipjack"":1}"
Liberty,367740760,2021-10-07,170,true,"{""yellowtail"":18,""dorado"":108}"
Liberty,367740760,2021-10-10,144,true,"{""bluefin"":1,""yellowtail"":25,""skipjack"":1,""Bonito"":20}"
Liberty,367740760,2021-10-17,333,true,"{""bluefin"":5,""yellowtail"":13,""skipjack"":2}"
Liberty,367740760,2021-10-20,416,true,"{""bluefin"":1,""yellowtail"":41}"
Liberty,367740760,2021-10-21,607,true,"{""yellowtail"":30}"
Liberty,367740760,2021-10-22,625,true,"{""bluefin"":1,""yellowtail"":10}"
Liberty,367740760,2021-10-24,278,true,"{""yellowfin"":5,""yellowtail"":40}"
Liberty,367740760,2021-10-29,429,true,"{""yellowfin"":1,""yellowtail"":100}"
Liberty,367740760,2021-10-30,390,true,"{""yellowtail"":170,""skipjack"":1}"
Liberty,367740760,2022-03-12,357,true,"{""Sculpin"":1,""Lingcod"":4,""Rockfish"":140,""Vermilion Rockfish"":90}"
Liberty,367740760,2022-03-15,338,true,"{""yellowtail"":4,""Sheephead"":1,""Calico Bass"":1,""Whitefish"":50,""Rockfish"":20,""Vermilion Rockfish"":10}"
Liberty,367740760,2022-03-19,490,true,"{""Lingcod"":10,""Whitefish"":40,""Rockfish"":280,""Vermilion Rockfish"":40}"
Liberty,367740760,2022-03-25,435,true,"{""yellowtail"":33}"
Liberty,367740760,2022-03-26,422,true,"{""yellowtail"":6,""Lingcod"":2}"
Liberty,367740760,2022-04-03,294,true,"{""Sculpin"":7,""Lingcod"":1,""Whitefish"":60,""Rockfish"":65}"
Liberty,367740760,2022-04-08,197,true,"{""yellowtail"":13,""Sheephead"":1,""Calico Bass"":10,""Lingcod"":3,""Rockfish"":80}"
Liberty,367740760,2022-04-09,144,true,"{""yellowtail"":6,""Sculpin"":12,""Calico Bass"":2,""Whitefish"":50,""Rockfish"":10}"
Liberty,367740760,2022-04-14,139,true,"{""yellowtail"":2,""Sheephead"":1,""Lingcod"":2,""Rockfish"":60}"
Liberty,367740760,2022-04-16,314,true,"{""yellowtail"":5,""Sculpin"":18,""Sheephead"":1,""Lingcod"":3,""Rockfish"":60}"
Liberty,367740760,2022-04-23,496,true,"{""Sheephead"":5,""Lingcod"":10,""Whitefish"":40,""Rockfish"":65}"
Liberty,367740760,2022-04-26,586,true,"{""bluefin"":44}"
Liberty,367740760,2022-04-29,434,true,"{""yellowtail"":33,""Rockfish"":25}"
Liberty,367740760,2022-05-01,455,true,"{""bluefin"":44}"
Liberty,367740760,2022-05-04,354,true,"{""Bluefin Tuna (up to 140 pounds)"":52}"
Liberty,367740760,2022-05-07,493,true,"{""bluefin"":62}"
Liberty,367740760,2022-05-14,179,true,"{""bluefin"":2,""Yellowtail (up to 14 pounds)"":73}"
Liberty,367740760,2022-05-15,139,true,"{""Bluefin Tuna (up to 150 pounds)"":3}"
Liberty,367740760,2022-05-18,680,true,"{""bluefin"":1,""yellowtail"":36}"
Liberty,367740760,2022-05-19,597,true,"{""bluefin"":1,""yellowtail"":15}"
Liberty,367740760,2022-05-22,421,true,"{""bluefin"":26,""yellowtail"":22}"
Liberty,367740760,2022-05-23,310,true,"{""Bluefin Tuna (up to 70 pounds)"":18}"
Liberty,367740760,2022-05-25,338,true,"{""bluefin"":3,""yellowtail"":68}"
Liberty,367740760,2022-06-04,89,true,"{""bluefin"":3}"
Liberty,367740760,2022-06-05,225,true,"{""bluefin"":11}"
Liberty,367740760,2022-06-06,125,true,"{""Bluefin Tuna (up to 80 pounds)"":8}"
Liberty,367740760,2022-06-07,197,true,"{""bluefin"":18}"
Liberty,367740760,2022-06-08,117,true,"{""bluefin"":11}"
Liberty,367740760,2022-06-09,58,true,"{""Bluefin Tuna (up to 110 pounds)"":16}"
Liberty,367740760,2022-06-10,126,true,{}
Liberty,367740760,2022-06-13,99,true,"{""bluefin"":18}"
Liberty,367740760,2022-06-15,370,true,"{""yellowtail"":1,""Bluefin Tuna (up to 170 pounds)"":3}"
Liberty,367740760,2022-06-16,216,true,"{""bluefin"":1,""yellowtail"":1}"
Liberty,367740760,2022-06-17,176,true,"{""Bluefin Tuna (up to 100 pounds)"":4}"
Liberty,367740760,2022-06-23,214,true,"{""yellowtail"":20}"
Liberty,367740760,2022-06-24,167,true,"{""bluefin"":2}"
Liberty,367740760,2022-06-25,325,true,"{""bluefin"":2}"
Liberty,367740760,2022-06-26,125,true,"{""yellowtail"":1,""Bonito"":85}"
Liberty,367740760,2022-06-28,204,true,"{""bluefin"":8}"
Liberty,367740760,2022-07-01,223,true,"{""yellowtail"":10,""dorado"":4,""Halibut"":1,""Bonito"":3}"
Liberty,367740760,2022-07-03,447,true,"{""yellowfin"":1,""yellowtail"":95,""dorado"":2}"
Liberty,367740760,2022-07-04,337,true,"{""yellowtail"":13,""Sculpin"":25,""Calico Bass"":24,""Lingcod"":2,""Rockfish"":20}"
Liberty,367740760,2022-07-05,46,true,"{""yellowtail"":23,""Calico Bass"":35,""White Seabass"":1}"
Liberty,367740760,2022-07-08,31,true,"{""yellowtail"":6,""Barracuda"":55,""Sculpin"":20,""Sheephead"":5,""Calico Bass"":50,""Lingcod"":1,""Rockfish"":30}"
Liberty,367740760,2022-07-09,194,true,"{""yellowtail"":85,""Bonito"":3}"
Liberty,367740760,2022-07-14,53,true,"{""yellowtail"":90,""Bonito"":40}"
Liberty,367740760,2022-07-15,168,true,"{""yellowtail"":115,""dorado"":3,""Bonito"":4}"
Liberty,367740760,2022-07-17,503,true,"{""yellowfin"":1,""yellowtail"":66,""dorado"":5}"
Liberty,367740760,2022-07-18,100,true,"{""yellowtail"":25,""dorado"":1,""Bonito"":74}"
Liberty,367740760,2022-07-22,78,true,"{""bluefin"":1,""yellowfin"":3,""yellowtail"":20,""dorado"":1}"
Liberty,367740760,2022-07-23,20,true,"{""yellowtail"":70,""dorado"":20}"
Liberty,367740760,2022-07-29,49,true,"{""yellowtail"":67,""dorado"":9}"
Liberty,367740760,2022-08-05,65,true,"{""yellowtail"":47,""dorado"":61}"
Liberty,367740760,2022-08-06,118,true,"{""bluefin"":2,""yellowfin"":1,""yellowtail"":73,""dorado"":21}"
Liberty,367740760,2022-08-14,651,true,"{""yellowtail"":55,""dorado"":46}"
Liberty,367740760,2022-08-15,175,true,"{""bluefin"":3,""yellowfin"":2,""yellowtail"":4,""dorado"":7}"
Liberty,367740760,2022-08-17,242,true,"{""yellowtail"":4,""dorado"":38}"
Liberty,367740760,2022-08-19,255,true,"{""bluefin"":41,""yellowfin"":20,""yellowtail"":5,""dorado"":25}"
Liberty,367740760,2022-08-20,154,true,"{""bluefin"":2,""yellowfin"":4,""yellowtail"":4,""dorado"":64}"
Liberty,367740760,2022-08-24,92,true,"{""bluefin"":24,""yellowfin"":38}"
Liberty,367740760,2022-08-25,325,true,"{""bluefin"":5,""yellowfin"":17,""dorado"":3}"
Liberty,367740760,2022-08-26,299,true,"{""bluefin"":9,""yellowfin"":68,""dorado"":40}"
Liberty,367740760,2022-08-29,87,true,"{""dorado"":190}"
Liberty,367740760,2022-09-02,292,true,"{""bluefin"":1,""yellowfin"":6,""yellowtail"":1,""dorado"":190}"
Liberty,367740760,2022-09-05,72,true,"{""bluefin"":40,""yellowfin"":2}"
Liberty,367740760,2022-09-07,690,true,"{""bluefin"":63,""yellowfin"":20,""yellowtail"":18,""dorado"":6}"
Liberty,367740760,2022-09-14,178,true,"{""yellowfin"":10,""dorado"":53}"
Liberty,367740760,2022-09-15,339,true,"{""dorado"":93}"
Liberty,367740760,2022-09-16,147,true,"{""yellowfin"":6,""dorado"":23}"
Liberty,367740760,2022-09-18,116,true,"{""yellowfin"":190,""dorado"":30}"
Liberty,367740760,2022-09-20,463,true,"{""bluefin"":2,""yellowfin"":115,""dorado"":13}"
Liberty,367740760,2022-09-21,425,true,"{""bluefin"":1,""yellowfin"":2,""dorado"":23}"
Liberty,367740760,2022-09-22,642,true,"{""bluefin"":2,""yellowfin"":49,""dorado"":18}"
Liberty,367740760,2022-09-23,724,true,"{""yellowtail"":3,""dorado"":35}"
Liberty,367740760,2022-09-24,425,true,"{""dorado"":75}"
Liberty,367740760,2022-09-28,585,true,"{""bluefin"":6,""yellowfin"":2,""dorado"":66}"
Liberty,367740760,2022-09-29,326,true,"{""bluefin"":37,""yellowfin"":14,""dorado"":72}"
Liberty,367740760,2022-10-01,287,true,"{""bluefin"":41,""dorado"":45}"
Liberty,367740760,2022-10-02,293,true,"{""bluefin"":6,""yellowfin"":34,""dorado"":2,""Bonito"":57}"
Liberty,367740760,2022-10-05,615,true,"{""bluefin"":53,""dorado"":15}"
Liberty,367740760,2022-10-06,269,true,"{""bluefin"":61,""yellowfin"":3,""dorado"":80}"
Liberty,367740760,2022-10-07,357,true,"{""bluefin"":77,""dorado"":80}"
Liberty,367740760,2022-10-11,146,true,"{""dorado"":13}"
Liberty,367740760,2022-10-12,244,true,"{""dorado"":2}"
Liberty,367740760,2022-10-13,368,true,"{""yellowtail"":2,""dorado"":12}"
Liberty,367740760,2022-10-14,148,true,"{""yellowfin"":69,""dorado"":26}"
Liberty,367740760,2022-10-15,303,true,"{""bluefin"":2,""dorado"":9,""Bonito"":30}"
Liberty,367740760,2022-10-16,319,true,"{""dorado"":17}"
Liberty,367740760,2022-10-18,853,true,"{""Bluefin Tuna (up to 140 pounds)"":35}"
Liberty,367740760,2022-10-23,39,true,"{""yellowfin"":146,""dorado"":1}"
Liberty,367740760,2022-10-30,50,true,"{""bluefin"":3,""yellowfin"":4,""Bonito"":85}"
Liberty,367740760,2023-03-05,147,true,"{""Rockfish"":55,""Vermilion Rockfish"":55}"
Liberty,367740760,2023-03-11,167,true,"{""yellowtail"":6,""Sheephead"":7,""Whitefish"":55,""Rockfish"":40}"
Liberty,367740760,2023-03-12,173,true,"{""yellowtail"":3,""Sheephead"":10,""Whitefish"":100,""Rockfish"":35}"
Liberty,367740760,2023-04-21,118,true,"{""bluefin"":1}"
Liberty,367740760,2023-04-22,140,true,"{""bluefin"":7,""Bonito"":6}"
Liberty,367740760,2023-04-23,310,true,"{""Bonito"":1}"
Liberty,367740760,2023-04-29,5,true,"{""bluefin"":80}"
Liberty,367740760,2023-05-25,15,true,"{""yellowtail"":58}"
Liberty,367740760,2023-05-26,1,true,"{""yellowtail"":20}"
Liberty,367740760,2023-05-27,15,true,"{""bluefin"":4}"
Liberty,367740760,2023-05-30,16,true,"{""Bluefin Tuna (up to 100 pounds)"":4}"
Liberty,367740760,2023-07-09,126,true,"{""bluefin"":60,""yellowfin"":63,""dorado"":3}"
Liberty,367740760,2023-07-11,355,true,"{""Bluefin Tuna (up to 150 pounds)"":80}"
Liberty,367740760,2023-07-12,51,true,"{""bluefin"":72,""yellowfin"":20}"
Liberty,367740760,2023-07-13,28,true,"{""bluefin"":12,""yellowfin"":26}"
Liberty,367740760,2023-07-20,47,true,"{""bluefin"":1,""yellowtail"":4}"
Liberty,367740760,2023-07-27,61,true,"{""bluefin"":49,""yellowfin"":20,""yellowtail"":2}"
Liberty,367740760,2023-07-28,105,true,"{""yellowtail"":11,""dorado"":2}"
Liberty,367740760,2023-07-29,62,true,{}
Liberty,367740760,2023-07-31,105,true,"{""bluefin"":1}"
Liberty,367740760,2023-08-01,22,true,"{""dorado"":2}"
Liberty,367740760,2023-08-12,15,true,"{""yellowtail"":52,""dorado"":4}"
Liberty,367740760,2023-08-20,31,true,"{""yellowtail"":11,""Bluefin Tuna (up to 110 pounds)"":60}"
Liberty,367740760,2023-08-22,12,true,"{""dorado"":1,""Yellowtail (up to 25 pounds)"":43}"
Liberty,367740760,2023-08-23,40,true,"{""yellowtail"":17,""dorado"":12}"
Liberty,367740760,2023-08-24,76,true,"{""dorado"":14}"
Liberty,367740760,2023-08-25,61,true,"{""yellowfin"":1,""yellowtail"":4,""dorado"":70}"
Liberty,367740760,2023-08-26,53,true,"{""yellowfin"":17,""yellowtail"":1,""dorado"":100}"
Liberty,367740760,2023-08-27,22,true,"{""yellowtail"":2,""dorado"":80}"
Liberty,367740760,2023-08-29,88,true,"{""yellowfin"":6,""dorado"":62}"
Liberty,367740760,2023-08-30,48,true,"{""bluefin"":1,""dorado"":46}"
Liberty,367740760,2023-08-31,60,true,"{""yellowfin"":1,""yellowtail"":2,""dorado"":40}"
Liberty,367740760,2023-09-01,101,true,"{""dorado"":80}"
Liberty,367740760,2023-09-15,40,true,"{""yellowfin"":107}"
Liberty,367740760,2023-09-17,52,true,"{""bluefin"":86,""yellowfin"":7,""dorado"":2}"
Liberty,367740760,2023-09-19,156,true,"{""bluefin"":68}"
Liberty,367740760,2023-09-22,98,true,"{""bluefin"":57,""yellowfin"":59,""dorado"":12}"
Liberty,367740760,2023-09-26,344,true,"{""bluefin"":120,""yellowfin"":2}"
Liberty,367740760,2023-09-27,36,true,"{""bluefin"":2,""yellowfin"":43}"
Liberty,367740760,2023-09-29,29,true,"{""bluefin"":3,""yellowfin"":60}"
Liberty,367740760,2023-10-01,137,true,"{""bluefin"":12,""yellowfin"":90,""yellowtail"":3}"
Liberty,367740760,2023-10-04,18,true,"{""yellowtail"":4,""dorado"":17}"
Liberty,367740760,2023-10-06,9,true,"{""bluefin"":50,""yellowfin"":4}"
Liberty,367740760,2023-10-09,11,true,"{""Bluefin Tuna (up to 200 pounds)"":27}"
Liberty,367740760,2023-10-11,55,true,"{""bluefin"":3}"
Liberty,367740760,2023-10-16,201,true,"{""bluefin"":80}"
Liberty,367740760,2023-10-18,31,true,"{""yellowtail"":6,""Bluefin Tuna (up to 210 pounds)"":82}"
Liberty,367740760,2023-10-19,145,true,"{""yellowfin"":55}"
Liberty,367740760,2023-10-27,126,true,"{""bluefin"":41}"
Liberty,367740760,2023-10-29,35,true,"{""bluefin"":2,""yellowtail"":8}"
Liberty,367740760,2024-03-29,39,true,"{""Sheephead"":1,""Lingcod"":1,""Rockfish"":100,""Vermilion Rockfish"":70}"
Liberty,367740760,2024-04-12,32,true,"{""yellowtail"":3,""Rockfish"":115,""Vermilion Rockfish"":72}"
Liberty,367740760,2024-04-20,23,true,"{""Lingcod"":1,""Rockfish"":70,""Vermilion Rockfish"":50}"
Liberty,367740760,2024-04-21,46,true,"{""yellowtail"":21,""Sculpin"":20,""Lingcod"":1,""Rockfish"":60}"
Liberty,367740760,2024-04-28,54,true,"{""yellowtail"":26,""Lingcod"":3}"
Liberty,367740760,2024-04-29,20,true,"{""Rockfish"":80,""Vermilion Rockfish"":80}"
Liberty,367740760,2024-05-09,98,true,"{""Rockfish"":70}"
Liberty,367740760,2024-05-17,60,true,"{""Bonito"":55}"
Liberty,367740760,2024-05-18,61,true,"{""Bonito"":120}"
Liberty,367740760,2024-05-24,49,true,"{""Bonito"":62}"
Liberty,367740760,2024-05-25,27,true,"{""Bonito"":42}"
Liberty,367740760,2024-05-26,10,true,"{""bluefin"":3,""Bonito"":22}"
Liberty,367740760,2024-05-29,33,true,"{""Bonito"":45}"
Liberty,367740760,2024-06-01,76,true,"{""Bonito"":26}"
Liberty,367740760,2024-06-02,23,true,"{""Bluefin Tuna (up to 60 pounds)"":7,""Bonito"":2}"
Liberty,367740760,2024-06-07,20,true,"{""yellowtail"":3}"
Liberty,367740760,2024-06-10,75,true,"{""Bluefin Tuna (up to 190 pounds)"":2}"
Liberty,367740760,2024-06-14,139,true,"{""yellowtail"":4}"
Liberty,367740760,2024-06-16,141,true,"{""bluefin"":35,""Bonito"":11}"
Liberty,367740760,2024-06-23,47,true,"{""yellowtail"":8}"
Liberty,367740760,2024-06-27,17,true,"{""bluefin"":1,""yellowtail"":2}"
Liberty,367740760,2024-07-05,62,true,"{""bluefin"":8,""Bonito"":48}"
Liberty,367740760,2024-07-07,79,true,"{""yellowtail"":53,""Bonito"":35}"
Liberty,367740760,2024-07-09,212,true,"{""Bluefin Tuna (up to 180 pounds)"":61}"
Liberty,367740760,2024-07-12,47,true,{}
Liberty,367740760,2024-07-15,48,true,"{""bluefin"":2,""yellowtail"":2}"
Liberty,367740760,2024-07-18,134,true,"{""bluefin"":22,""yellowtail"":80}"
Liberty,367740760,2024-07-20,2,true,"{""bluefin"":8,""yellowtail"":19}"
Liberty,367740760,2024-07-25,40,true,"{""yellowtail"":3}"
Liberty,367740760,2024-07-27,72,true,{}
Liberty,367740760,2024-07-28,76,true,"{""yellowtail"":96,""dorado"":1}"
Liberty,367740760,2024-07-29,91,true,"{""yellowtail"":22,""Barracuda"":44,""Calico Bass"":10}"
Liberty,367740760,2024-07-30,59,true,"{""yellowtail"":4,""Barracuda"":20,""Calico Bass"":5}"
Liberty,367740760,2024-07-31,54,true,"{""yellowtail"":4,""Barracuda"":30,""Sculpin"":15,""Calico Bass"":5,""Lingcod"":11}"
Liberty,367740760,2024-08-01,56,true,"{""yellowtail"":74}"
Liberty,367740760,2024-08-02,94,true,"{""yellowtail"":20}"
Liberty,367740760,2024-08-03,32,true,"{""yellowtail"":10}"
Liberty,367740760,2024-08-04,149,true,"{""yellowtail"":60}"
Liberty,367740760,2024-08-06,3,true,"{""bluefin"":24,""yellowtail"":38}"
Liberty,367740760,2024-08-07,67,true,"{""yellowtail"":15}"
Liberty,367740760,2024-08-08,136,true,"{""yellowtail"":16,""dorado"":3}"
Liberty,367740760,2024-08-11,50,true,"{""yellowfin"":3}"
Liberty,367740760,2024-08-13,81,true,"{""yellowtail"":56}"
Liberty,367740760,2024-08-14,113,true,{}
Liberty,367740760,2024-08-15,1,true,"{""yellowtail"":30}"
Liberty,367740760,2024-08-16,30,true,"{""yellowtail"":60}"
Liberty,367740760,2024-08-18,201,true,"{""bluefin"":51,""yellowtail"":42}"
Liberty,367740760,2024-08-20,145,true,"{""bluefin"":22,""yellowtail"":2}"
Liberty,367740760,2024-08-21,23,true,"{""bluefin"":1,""yellowtail"":33}"
Liberty,367740760,2024-08-26,22,true,"{""yellowtail"":45,""Calico Bass"":40}"
Liberty,367740760,2024-08-27,61,true,"{""bluefin"":1,""yellowtail"":85,""Calico Bass"":25,""Lingcod"":1}"
Liberty,367740760,2024-08-30,128,true,"{""Bluefin Tuna (up to 90 pounds)"":34}"
Liberty,367740760,2024-09-08,63,true,"{""yellowtail"":1,""Bluefin Tuna (up to 160 pounds)"":78}"
Liberty,367740760,2024-09-13,82,true,"{""yellowfin"":9}"
Liberty,367740760,2024-09-19,59,true,"{""yellowtail"":7,""Sculpin"":1,""Calico Bass"":1}"
Liberty,367740760,2024-09-22,99,true,"{""bluefin"":58}"
Liberty,367740760,2024-09-26,40,true,"{""Sculpin"":16,""Calico Bass"":14,""Bonito"":1,""Rockfish"":77}"
Liberty,367740760,2024-09-29,56,true,"{""bluefin"":56}"
Liberty,367740760,2024-10-04,107,true,"{""Yellowtail (up to 20 pounds)"":45}"
Liberty,367740760,2024-10-05,32,true,"{""yellowfin"":10}"
Liberty,367740760,2024-10-10,99,true,"{""yellowtail"":30,""Lingcod"":2}"
Liberty,367740760,2024-10-11,40,true,"{""yellowtail"":51}"
Liberty,367740760,2024-10-17,58,true,"{""Sheephead"":2,""Lingcod"":2,""Rockfish"":230}"
Liberty,367740760,2024-10-27,93,true,"{""bluefin"":4,""Yellowfin Tuna (up to 90 pounds)"":62}"
Liberty,367740760,2025-04-18,260,true,{}
Liberty,367740760,2025-04-19,147,true,"{""yellowtail"":1,""Bonito"":85}"
Liberty,367740760,2025-04-26,82,true,{}
Liberty,367740760,2025-05-08,27,true,"{""Sculpin"":8,""Lingcod"":3,""Whitefish"":75,""Rockfish"":64,""Vermilion Rockfish"":36}"
Liberty,367740760,2025-05-15,137,true,"{""Bonito"":70,""Rockfish"":43,""Vermilion Rockfish"":27}"
Liberty,367740760,2025-05-16,172,true,"{""Lingcod"":1,""Bonito (up to 10 pounds)"":99,""Rockfish"":127,""Vermilion Rockfish"":42}"
Liberty,367740760,2025-05-18,134,true,"{""Bonito"":49}"
Liberty,367740760,2025-06-06,198,true,"{""yellowtail"":4,""Sand Bass"":2,""Calico Bass"":2,""Whitefish"":85,""Rockfish"":4}"
Liberty,367740760,2025-06-07,160,true,"{""yellowtail"":3,""Sculpin"":21,""Calico Bass"":3,""Lingcod"":1,""Whitefish"":78}"
Liberty,367740760,2025-06-14,125,true,"{""yellowtail"":2,""Calico Bass"":7,""Whitefish"":80,""Rockfish"":12}"
Liberty,367740760,2025-06-22,115,true,"{""yellowtail"":1,""Sculpin"":27,""Sheephead"":3,""Calico Bass"":2,""Whitefish"":105,""Rockfish"":30}"
Liberty,367740760,2025-06-25,205,true,"{""Bluefin Tuna (up to 180 pounds)"":7}"
Liberty,367740760,2025-06-26,406,true,"{""Halibut"":1,""Sculpin"":17,""Calico Bass"":15,""Whitefish"":55,""Rockfish"":20}"
Liberty,367740760,2025-06-28,315,true,"{""Sculpin"":8,""Lingcod"":11,""Whitefish"":170,""Rockfish"":135}"
Liberty,367740760,2025-07-09,302,true,"{""bluefin"":16,""yellowtail"":14}"
Liberty,367740760,2025-07-11,110,true,"{""bluefin"":33,""yellowtail"":3}"
Liberty,367740760,2025-07-14,464,true,"{""bluefin"":80}"
Liberty,367740760,2025-07-17,417,true,"{""yellowfin"":4,""yellowtail"":18}"
Liberty,367740760,2025-07-20,268,true,"{""Bluefin Tuna (up to 90 pounds)"":60}"
Liberty,367740760,2025-07-24,319,true,"{""yellowtail"":8,""Bluefin Tuna (up to 150 pounds)"":48}"
Liberty,367740760,2025-07-26,349,true,"{""bluefin"":2,""yellowtail"":97}"
Liberty,367740760,2025-07-27,44,true,"{""bluefin"":15,""yellowtail"":2}"
Liberty,367740760,2025-07-30,178,true,"{""yellowtail"":42,""Sculpin"":42,""Sheephead"":1,""Calico Bass"":2,""Whitefish"":93,""Rockfish"":12}"
Liberty,367740760,2025-07-31,160,true,"{""bluefin"":1,""yellowtail"":38,""Barracuda"":10,""Sculpin"":20,""Whitefish"":44,""Rockfish"":7}"
Liberty,367740760,2025-08-01,91,true,"{""bluefin"":2,""yellowtail"":24}"
Liberty,367740760,2025-08-03,37,true,"{""bluefin"":80}"
Liberty,367740760,2025-08-04,149,true,"{""yellowtail"":14,""Halibut"":1,""Sculpin"":14,""Calico Bass"":7,""Whitefish"":75,""Rockfish"":11}"
Liberty,367740760,2025-08-05,154,true,"{""yellowtail"":60,""Barracuda"":11}"
Liberty,367740760,2025-08-06,163,true,"{""yellowtail"":32,""Sculpin"":4,""Whitefish"":52}"
Liberty,367740760,2025-08-07,246,true,"{""yellowtail"":115}"
Liberty,367740760,2025-08-10,145,true,"{""bluefin"":17,""yellowtail"":3}"
Liberty,367740760,2025-08-11,307,true,"{""yellowtail"":25,""Barracuda"":1,""Rockfish"":100}"
Liberty,367740760,2025-08-13,74,true,"{""yellowtail"":31}"
Liberty,367740760,2025-08-14,373,true,"{""yellowtail"":19,""Sculpin"":4,""Calico Bass"":7,""Vermilion Rockfish"":3}"
Liberty,367740760,2025-08-15,1,true,"{""bluefin"":32,""yellowtail"":15}"
Liberty,367740760,2025-08-16,62,true,"{""Sculpin"":22,""Sheephead"":5,""Lingcod"":2,""Whitefish"":132,""Rockfish"":53}"
Liberty,367740760,2025-08-17,131,true,"{""bluefin"":31,""yellowtail"":36}"
Liberty,367740760,2025-08-18,312,true,"{""bluefin"":28,""yellowtail"":13}"
Liberty,367740760,2025-08-19,258,true,"{""bluefin"":1,""yellowtail"":8}"
Liberty,367740760,2025-08-22,331,true,"{""bluefin"":72}"
Liberty,367740760,2025-08-24,455,true,"{""bluefin"":44}"
Liberty,367740760,2025-08-26,567,true,"{""Bluefin Tuna (up to 160 pounds)"":19}"
Liberty,367740760,2025-08-28,590,true,"{""bluefin"":39}"
Liberty,367740760,2025-09-01,138,true,"{""bluefin"":10}"
Liberty,367740760,2025-09-02,138,true,"{""bluefin"":2,""yellowfin"":2,""yellowtail"":2}"
Liberty,367740760,2025-09-03,282,true,"{""bluefin"":1,""yellowfin"":8}"
Liberty,367740760,2025-09-07,142,true,"{""bluefin"":25,""Bonito"":42}"
Liberty,367740760,2025-09-10,362,true,"{""bluefin"":3,""yellowtail"":2,""dorado"":1}"
Liberty,367740760,2025-09-17,401,true,"{""bluefin"":44}"
Liberty,367740760,2025-09-19,469,true,"{""bluefin"":48}"
Liberty,367740760,2025-09-22,202,true,"{""bluefin"":21}"
Liberty,367740760,2025-09-23,278,true,"{""bluefin"":4}"
Liberty,367740760,2025-09-25,322,true,"{""bluefin"":3}"
Liberty,367740760,2025-09-28,343,true,"{""bluefin"":18}"
Liberty,367740760,2025-10-05,123,true,"{""bluefin"":69,""yellowfin"":4}"
Liberty,367740760,2025-10-08,109,true,"{""bluefin"":40,""yellowfin"":3}"
Liberty,367740760,2025-10-19,171,true,"{""bluefin"":68}"
Voyager,368026910,2020-06-21,472,true,"{""yellowtail"":20,""Barracuda"":8,""Calico Bass"":8,""Bonito"":1,""Rockfish"":6}"
Voyager,368026910,2020-06-22,476,true,"{""yellowtail"":20,""Barracuda"":25,""Calico Bass"":14,""Bonito"":2}"
Voyager,368026910,2020-06-24,465,true,"{""yellowtail"":7,""Barracuda"":1,""Calico Bass"":4,""Rockfish"":4}"
Voyager,368026910,2020-06-26,511,true,"{""bluefin"":1,""yellowfin"":3,""yellowtail"":16}"
Voyager,368026910,2020-06-28,475,true,"{""bluefin"":15,""yellowfin"":24,""yellowtail"":35,""dorado"":1}"
Voyager,368026910,2020-07-02,405,true,"{""yellowtail"":2,""Barracuda"":2,""Calico Bass"":58,""Lingcod"":1,""Rockfish"":36}"
Voyager,368026910,2020-07-03,418,true,"{""Barracuda"":3,""Sheephead"":3,""Calico Bass"":38,""Lingcod"":3,""Rockfish"":100}"
Voyager,368026910,2020-07-10,463,true,"{""bluefin"":15,""yellowfin"":3,""yellowtail"":9}"
Voyager,368026910,2020-07-11,418,true,"{""yellowtail"":6,""Barracuda"":12,""Calico Bass"":90,""Rockfish"":21}"
Voyager,368026910,2020-07-12,623,true,"{""yellowtail"":3,""Barracuda"":12,""Triggerfish"":1,""Calico Bass"":30,""Rockfish"":11}"
Voyager,368026910,2020-07-14,462,true,"{""bluefin"":28,""yellowfin"":6,""Bonito"":2}"
Voyager,368026910,2020-07-16,473,true,"{""yellowtail"":1,""Barracuda"":5,""Sheephead"":2,""Calico Bass"":60,""Rockfish"":39,""bluefin"":26,""yellowfin"":9}"
Voyager,368026910,2020-07-17,469,true,"{""bluefin"":7,""yellowfin"":4}"
Voyager,368026910,2020-07-18,477,true,"{""bluefin"":25,""yellowfin"":3}"
Voyager,368026910,2020-07-19,472,true,"{""bluefin"":20,""yellowfin"":3,""yellowtail"":1}"
Voyager,368026910,2020-07-23,474,true,"{""bluefin"":10,""yellowfin"":15}"
Voyager,368026910,2020-07-24,476,true,"{""bluefin"":3,""yellowfin"":2,""yellowtail"":3}"
Voyager,368026910,2020-07-26,475,true,"{""bluefin"":56,""yellowfin"":3,""yellowtail"":11}"
Voyager,368026910,2020-07-28,467,true,"{""bluefin"":15,""yellowfin"":1}"
Voyager,368026910,2020-07-29,470,true,"{""bluefin"":17,""yellowtail"":58,""dorado"":1}"
Voyager,368026910,2020-07-30,464,true,"{""bluefin"":3,""yellowtail"":60}"
Voyager,368026910,2020-07-31,527,true,"{""bluefin"":4,""yellowfin"":25}"
Voyager,368026910,2020-08-02,477,true,"{""bluefin"":34,""yellowfin"":18,""yellowtail"":61}"
Voyager,368026910,2020-08-04,471,true,"{""bluefin"":30,""yellowfin"":33,""yellowtail"":4}"
Voyager,368026910,2020-08-05,471,true,"{""yellowfin"":12,""yellowtail"":28}"
Voyager,368026910,2020-08-06,452,true,{}
Voyager,368026910,2020-08-07,478,true,"{""bluefin"":20,""yellowfin"":6}"
Voyager,368026910,2020-08-08,476,true,"{""Sheephead"":3,""Calico Bass"":14,""Lingcod"":2,""Rockfish"":48}"
Voyager,368026910,2020-08-09,474,true,{}
Voyager,368026910,2020-08-11,473,true,"{""yellowtail"":23,""Bonito"":5,""Rockfish"":65}"
Voyager,368026910,2020-08-12,427,true,"{""bluefin"":24}"
Voyager,368026910,2020-08-15,487,true,"{""dorado"":4}"
Voyager,368026910,2020-08-16,473,true,"{""yellowfin"":2,""yellowtail"":2}"
Voyager,368026910,2020-08-17,478,true,{}
Voyager,368026910,2020-08-18,478,true,"{""yellowtail"":23,""dorado"":24}"
Voyager,368026910,2020-08-21,467,true,"{""bluefin"":26,""yellowtail"":25}"
Voyager,368026910,2020-08-23,488,true,"{""bluefin"":72,""yellowtail"":12}"
Voyager,368026910,2020-08-25,415,true,"{""bluefin"":22}"
Voyager,368026910,2020-08-27,587,true,"{""yellowtail"":20,""Barracuda"":19,""Calico Bass"":33,""Bonito"":11}"
Voyager,368026910,2020-08-28,522,true,"{""yellowtail"":55,""Calico Bass"":12,""Bonito"":6,""Rockfish"":2}"
Voyager,368026910,2020-08-30,610,true,"{""yellowfin"":1,""yellowtail"":1,""dorado"":20}"
Voyager,368026910,2020-09-01,474,true,"{""bluefin"":20}"
Voyager,368026910,2020-09-03,469,true,"{""bluefin"":28,""yellowfin"":2,""dorado"":52}"
Voyager,368026910,2020-09-04,443,true,"{""yellowfin"":60,""dorado"":24}"
Voyager,368026910,2020-09-06,476,true,"{""bluefin"":10,""yellowfin"":1,""yellowtail"":1}"
Voyager,368026910,2020-09-08,475,true,"{""bluefin"":3,""yellowfin"":1}"
Voyager,368026910,2020-09-10,473,true,"{""yellowfin"":90,""dorado"":32}"
Voyager,368026910,2020-09-11,474,true,"{""yellowfin"":49,""yellowtail"":14}"
Voyager,368026910,2020-09-12,515,true,"{""yellowfin"":3,""dorado"":2}"
Voyager,368026910,2020-09-13,499,true,"{""yellowfin"":30,""yellowtail"":17,""dorado"":16}"
Voyager,368026910,2020-09-15,479,true,"{""bluefin"":20}"
Voyager,368026910,2020-09-18,473,true,"{""bluefin"":6,""yellowfin"":100,""dorado"":34}"
Voyager,368026910,2020-09-19,476,true,"{""yellowfin"":55,""dorado"":22}"
Voyager,368026910,2020-09-20,478,true,"{""yellowfin"":45,""dorado"":18}"
Voyager,368026910,2020-09-22,473,true,"{""yellowfin"":66,""dorado"":30}"
Voyager,368026910,2020-09-24,475,true,"{""yellowfin"":18,""yellowtail"":4,""dorado"":32}"
Voyager,368026910,2020-09-27,506,true,"{""yellowfin"":136,""dorado"":68}"
Voyager,368026910,2020-09-30,469,true,"{""bluefin"":40,""dorado"":40}"
Voyager,368026910,2020-10-01,475,true,"{""yellowfin"":60,""dorado"":24}"
Voyager,368026910,2020-10-02,530,true,"{""yellowfin"":19,""yellowtail"":29,""dorado"":19,""skipjack"":9}"
Voyager,368026910,2020-10-03,510,true,"{""yellowfin"":60,""dorado"":24}"
Voyager,368026910,2020-10-04,468,true,"{""yellowfin"":10,""yellowtail"":41,""dorado"":10}"
Voyager,368026910,2020-10-06,473,true,"{""bluefin"":4,""yellowfin"":1,""yellowtail"":40,""dorado"":3}"
Voyager,368026910,2020-10-08,478,true,"{""yellowfin"":40,""dorado"":16}"
Voyager,368026910,2020-10-10,533,true,"{""yellowfin"":97,""yellowtail"":13,""dorado"":44}"
Voyager,368026910,2020-10-11,477,true,"{""yellowtail"":78,""dorado"":1,""skipjack"":1}"
Voyager,368026910,2020-10-13,471,true,"{""bluefin"":23}"
Voyager,368026910,2020-10-15,455,true,"{""yellowfin"":121,""dorado"":30,""yellowtail"":8,""skipjack"":23}"
Voyager,368026910,2020-10-16,461,true,"{""yellowfin"":52,""yellowtail"":28,""dorado"":32}"
Voyager,368026910,2020-10-18,478,true,"{""yellowfin"":109,""yellowtail"":5,""dorado"":40,""skipjack"":7}"
Voyager,368026910,2020-10-20,477,true,"{""yellowfin"":68,""yellowtail"":86,""dorado"":13}"
Voyager,368026910,2020-10-22,427,true,"{""yellowfin"":2,""Bluefin Tuna (up to 200 pounds)"":12}"
Voyager,368026910,2020-10-24,475,true,"{""bluefin"":6,""yellowfin"":31,""yellowtail"":79,""dorado"":3}"
Voyager,368026910,2020-10-25,470,true,"{""yellowfin"":35,""yellowtail"":30,""dorado"":4}"
Voyager,368026910,2020-10-27,468,true,"{""yellowfin"":25,""yellowtail"":32,""dorado"":22}"
Voyager,368026910,2020-10-29,438,true,"{""bluefin"":32,""yellowtail"":69,""dorado"":4}"
Voyager,368026910,2020-10-31,346,true,"{""bluefin"":18,""yellowtail"":28}"
Voyager,368026910,2021-05-26,402,true,"{""bluefin"":7,""yellowtail"":40}"
Voyager,368026910,2021-05-29,463,true,"{""Calico Bass"":1,""Rockfish"":97}"
Voyager,368026910,2021-05-31,461,true,"{""yellowtail"":3,""Bluefin Tuna (up to 193 pounds)"":7}"
Voyager,368026910,2021-06-06,434,true,"{""bluefin"":19}"
Voyager,368026910,2021-06-10,398,true,"{""bluefin"":1,""yellowtail"":53}"
Voyager,368026910,2021-06-11,400,true,"{""bluefin"":10}"
Voyager,368026910,2021-06-12,409,true,"{""Calico Bass"":7,""Rockfish"":80}"
Voyager,368026910,2021-06-13,579,true,"{""Bonito"":15}"
Voyager,368026910,2021-06-14,467,true,"{""bluefin"":3,""yellowtail"":1,""Bonito"":18}"
Voyager,368026910,2021-06-18,475,true,"{""bluefin"":28}"
Voyager,368026910,2021-06-19,385,true,"{""bluefin"":21}"
Voyager,368026910,2021-06-21,463,true,"{""bluefin"":24}"
Voyager,368026910,2021-06-23,414,true,"{""bluefin"":28}"
Voyager,368026910,2021-06-25,382,true,"{""bluefin"":28,""yellowfin"":1}"
Voyager,368026910,2021-06-27,475,true,"{""bluefin"":64,""yellowfin"":1,""yellowtail"":1,""Bonito"":2}"
Voyager,368026910,2021-06-30,473,true,"{""bluefin"":25,""yellowfin"":1}"
Voyager,368026910,2021-07-02,475,true,"{""bluefin"":26,""yellowfin"":4}"
Voyager,368026910,2021-07-03,473,true,"{""bluefin"":15}"
Voyager,368026910,2021-07-06,476,true,"{""bluefin"":16,""yellowfin"":1}"
Voyager,368026910,2021-07-07,466,true,"{""bluefin"":18,""yellowfin"":3}"
Voyager,368026910,2021-07-09,477,true,"{""bluefin"":22,""yellowfin"":2}"
Voyager,368026910,2021-07-10,468,true,"{""bluefin"":7}"
Voyager,368026910,2021-07-11,469,true,"{""bluefin"":6}"
Voyager,368026910,2021-07-13,470,true,"{""bluefin"":32,""yellowfin"":1}"
Voyager,368026910,2021-07-15,468,true,"{""bluefin"":32,""yellowfin"":2}"
Voyager,368026910,2021-07-16,474,true,"{""bluefin"":22}"
Voyager,368026910,2021-07-18,476,true,"{""bluefin"":33,""yellowtail"":1}"
Voyager,368026910,2021-07-20,471,true,"{""bluefin"":7,""yellowfin"":8,""yellowtail"":80,""dorado"":2}"
Voyager,368026910,2021-07-22,475,true,"{""yellowfin"":1,""yellowtail"":25,""dorado"":1}"
Voyager,368026910,2021-07-23,474,true,"{""yellowtail"":65,""dorado"":4}"
Voyager,368026910,2021-07-25,477,true,"{""bluefin"":1,""yellowfin"":4,""yellowtail"":117,""dorado"":4}"
Voyager,368026910,2021-07-27,469,true,"{""bluefin"":6,""yellowtail"":60,""dorado"":5}"
Voyager,368026910,2021-07-28,443,true,"{""yellowtail"":50,""dorado"":1}"
Voyager,368026910,2021-07-30,469,true,"{""yellowfin"":5,""yellowtail"":24}"
Voyager,368026910,2021-08-01,473,true,"{""dorado"":3}"
Voyager,368026910,2021-08-03,409,true,"{""bluefin"":26}"
Voyager,368026910,2021-08-05,386,true,"{""bluefin"":2,""yellowtail"":75}"
Voyager,368026910,2021-08-07,469,true,"{""bluefin"":44,""yellowfin"":6,""yellowtail"":7}"
Voyager,368026910,2021-08-08,463,true,"{""bluefin"":17,""yellowfin"":1}"
Voyager,368026910,2021-08-10,461,true,"{""bluefin"":28,""yellowfin"":11,""Striped Marlin Released"":1}"
Voyager,368026910,2021-08-11,466,true,"{""yellowtail"":17,""Barracuda"":1,""Halibut"":1,""Sheephead"":3,""Calico Bass"":8}"
Voyager,368026910,2021-08-13,462,true,"{""bluefin"":47,""yellowfin"":7,""yellowtail"":18}"
Voyager,368026910,2021-08-15,473,true,"{""yellowtail"":40}"
Voyager,368026910,2021-08-17,463,true,"{""yellowtail"":80,""dorado"":28}"
Voyager,368026910,2021-08-19,467,true,"{""bluefin"":40,""yellowtail"":112}"
Voyager,368026910,2021-08-20,453,true,"{""yellowtail"":46}"
Voyager,368026910,2021-08-22,469,true,"{""bluefin"":41,""yellowtail"":8,""dorado"":3}"
Voyager,368026910,2021-08-24,470,true,"{""bluefin"":38,""yellowfin"":14,""yellowtail"":1}"
Voyager,368026910,2021-08-26,464,true,"{""bluefin"":1,""yellowfin"":5,""dorado"":3}"
Voyager,368026910,2021-08-27,464,true,"{""bluefin"":2,""yellowtail"":56,""Calico Bass"":5,""Bonito"":3}"
Voyager,368026910,2021-08-28,456,true,"{""yellowtail"":5,""Bonito"":10,""Rockfish"":30}"
Voyager,368026910,2021-08-31,445,true,"{""bluefin"":5,""yellowtail"":15}"
Voyager,368026910,2021-09-02,425,true,"{""bluefin"":17,""yellowtail"":23}"
Voyager,368026910,2021-09-03,425,true,"{""yellowtail"":4}"
Voyager,368026910,2021-09-05,503,true,"{""dorado"":3,""Rockfish"":170}"
Voyager,368026910,2021-09-07,425,true,"{""bluefin"":10,""yellowfin"":25}"
Voyager,368026910,2021-09-08,471,true,"{""yellowfin"":43}"
Voyager,368026910,2021-09-09,336,true,"{""yellowfin"":10}"
Voyager,368026910,2021-09-10,465,true,"{""yellowfin"":12}"
Voyager,368026910,2021-09-11,440,true,"{""yellowfin"":17}"
Voyager,368026910,2021-09-12,440,true,"{""yellowfin"":2}"
Voyager,368026910,2021-09-14,496,true,"{""skipjack"":1}"
Voyager,368026910,2021-09-16,545,true,"{""bluefin"":26,""yellowtail"":5}"
Voyager,368026910,2021-09-17,466,true,"{""yellowfin"":14,""dorado"":18}"
Voyager,368026910,2021-09-19,473,true,"{""bluefin"":28,""yellowfin"":61}"
Voyager,368026910,2021-09-21,566,true,"{""yellowfin"":50,""dorado"":3}"
Voyager,368026910,2021-09-24,803,true,"{""bluefin"":36,""yellowfin"":1}"
Voyager,368026910,2021-09-25,940,true,"{""bluefin"":2,""yellowfin"":1,""yellowtail"":5,""dorado"":30,""skipjack"":2}"
Voyager,368026910,2021-09-26,959,true,"{""yellowfin"":54,""skipjack"":23}"
Voyager,368026910,2021-09-29,439,true,"{""bluefin"":28,""yellowfin"":100,""yellowtail"":2}"
Voyager,368026910,2021-10-02,406,true,"{""yellowfin"":1,""yellowtail"":50,""skipjack"":2}"
Voyager,368026910,2021-10-03,415,true,"{""bluefin"":1,""yellowtail"":12,""dorado"":17}"
Voyager,368026910,2021-10-05,401,true,"{""Bluefin Tuna (up to 100 pounds)"":28}"
Voyager,368026910,2021-10-07,268,true,"{""bluefin"":7,""yellowfin"":1,""yellowtail"":1,""dorado"":13,""skipjack"":1}"
Voyager,368026910,2021-10-09,353,true,"{""bluefin"":3,""yellowtail"":50,""dorado"":24}"
Voyager,368026910,2021-10-10,363,true,"{""bluefin"":2,""yellowfin"":1,""yellowtail"":7,""dorado"":10,""skipjack"":1}"
Voyager,368026910,2021-10-14,252,true,"{""bluefin"":1,""yellowfin"":2,""yellowtail"":17,""skipjack"":2}"
Voyager,368026910,2021-10-15,275,true,"{""yellowtail"":1}"
Voyager,368026910,2021-10-17,306,true,"{""yellowfin"":84,""yellowtail"":36,""dorado"":1,""skipjack"":7}"
Voyager,368026910,2021-10-19,337,true,"{""yellowfin"":40}"
Voyager,368026910,2021-10-22,363,true,"{""yellowfin"":100,""yellowtail"":75}"
Voyager,368026910,2021-10-26,347,true,"{""yellowfin"":60,""skipjack"":10}"
Voyager,368026910,2021-10-29,339,true,"{""yellowfin"":1,""yellowtail"":80,""skipjack"":3}"
Voyager,368026910,2021-10-31,206,true,"{""yellowfin"":85,""skipjack"":15}"
Voyager,368026910,2022-04-24,403,true,"{""bluefin"":60}"
Voyager,368026910,2022-04-25,369,true,"{""bluefin"":28}"
Voyager,368026910,2022-05-01,395,true,"{""Bluefin Tuna (up to 100 pounds)"":20}"
Voyager,368026910,2022-05-15,73,true,"{""Bluefin Tuna (up to 120 pounds)"":3}"
Voyager,368026910,2022-05-22,397,true,"{""bluefin"":12}"
Voyager,368026910,2022-05-28,35,true,"{""bluefin"":1,""yellowtail"":1}"
Voyager,368026910,2022-05-30,204,true,"{""Bluefin Tuna (up to 180 pounds)"":18}"
Voyager,368026910,2022-06-01,271,true,"{""bluefin"":2}"
Voyager,368026910,2022-06-02,239,true,"{""bluefin"":4}"
Voyager,368026910,2022-06-03,308,true,"{""bluefin"":2}"
Voyager,368026910,2022-06-05,309,true,"{""Bluefin Tuna (up to 80 pounds)"":10}"
Voyager,368026910,2022-06-10,331,true,"{""bluefin"":18,""Barracuda"":8,""Calico Bass"":21}"
Voyager,368026910,2022-06-12,181,true,"{""bluefin"":10}"
Voyager,368026910,2022-06-15,405,true,"{""bluefin"":18}"
Voyager,368026910,2022-06-17,416,true,"{""bluefin"":3,""Bonito"":1,""yellowtail"":2,""Calico Bass"":55}"
Voyager,368026910,2022-06-18,406,true,"{""Calico Bass"":26,""Calico Bass Released"":75}"
Voyager,368026910,2022-06-19,411,true,"{""Bluefin Tuna (up to 150 pounds)"":1}"
Voyager,368026910,2022-06-26,345,true,"{""bluefin"":3,""yellowtail"":2,""Calico Bass"":67}"
Voyager,368026910,2022-06-29,403,true,"{""bluefin"":4,""yellowtail"":2,""Vermilion Rockfish"":88}"
Voyager,368026910,2022-07-02,214,true,"{""yellowtail"":22,""dorado"":7}"
Voyager,368026910,2022-07-08,319,true,"{""yellowfin"":5,""yellowtail"":20}"
Voyager,368026910,2022-07-09,362,true,"{""Bonito"":60}"
Voyager,368026910,2022-07-10,148,true,"{""yellowtail"":52,""dorado"":1,""Bonito"":3}"
Voyager,368026910,2022-07-12,283,true,"{""yellowtail"":80}"
Voyager,368026910,2022-07-14,242,true,"{""yellowtail"":70}"
Voyager,368026910,2022-07-15,272,true,"{""yellowtail"":65,""Bonito"":20}"
Voyager,368026910,2022-07-16,245,true,"{""yellowtail"":65,""Bonito"":20}"
Voyager,368026910,2022-07-19,325,true,"{""yellowtail"":64,""Vermilion Rockfish"":80}"
Voyager,368026910,2022-07-21,332,true,"{""bluefin"":1,""yellowtail"":55,""dorado"":4}"
Voyager,368026910,2022-07-22,292,true,"{""bluefin"":1,""yellowfin"":1,""yellowtail"":35,""dorado"":4}"
Voyager,368026910,2022-07-24,153,true,"{""yellowtail"":92,""dorado"":18}"
Voyager,368026910,2022-07-26,419,true,"{""yellowfin"":4,""yellowtail"":98,""dorado"":11,""Bonito"":2}"
Voyager,368026910,2022-07-27,411,true,"{""yellowtail"":80}"
Voyager,368026910,2022-07-29,430,true,"{""yellowtail"":55,""dorado"":18,""Mako Shark"":1}"
Voyager,368026910,2022-07-31,423,true,"{""bluefin"":1,""yellowfin"":2,""yellowtail"":90,""dorado"":35}"
Voyager,368026910,2022-08-02,365,true,"{""bluefin"":1,""yellowtail"":75,""dorado"":18}"
Voyager,368026910,2022-08-04,335,true,"{""bluefin"":1,""yellowtail"":160,""dorado"":31}"
Voyager,368026910,2022-08-06,310,true,"{""yellowtail"":130,""dorado"":31}"
Voyager,368026910,2022-08-07,424,true,"{""yellowtail"":66,""dorado"":32}"
Voyager,368026910,2022-08-09,424,true,"{""yellowtail"":65,""dorado"":26}"
Voyager,368026910,2022-08-10,395,true,"{""bluefin"":2,""yellowtail"":1,""dorado"":11}"
Voyager,368026910,2022-08-12,405,true,"{""yellowtail"":120,""dorado"":11}"
Voyager,368026910,2022-08-14,391,true,"{""yellowtail"":53,""Rockfish"":25}"
Voyager,368026910,2022-08-16,421,true,"{""bluefin"":8,""yellowfin"":31,""yellowtail"":13,""Barracuda"":7,""Calico Bass"":17,""dorado"":2}"
Voyager,368026910,2022-08-18,409,true,"{""yellowtail"":40,""dorado"":16}"
Voyager,368026910,2022-08-19,409,true,"{""yellowtail"":10,""dorado"":15}"
Voyager,368026910,2022-08-25,299,true,"{""bluefin"":14,""yellowfin"":26,""dorado"":21}"
Voyager,368026910,2022-08-26,338,true,"{""bluefin"":16,""yellowfin"":14,""dorado"":32}"
Voyager,368026910,2022-08-27,314,true,"{""bluefin"":9,""yellowfin"":18,""dorado"":36}"
Voyager,368026910,2022-08-28,332,true,"{""bluefin"":28,""dorado"":28}"
Voyager,368026910,2022-08-30,306,true,"{""bluefin"":6,""yellowfin"":3,""yellowtail"":2,""dorado"":12}"
Voyager,368026910,2022-09-01,314,true,"{""bluefin"":45,""yellowfin"":10,""yellowtail"":56,""dorado"":17}"
Voyager,368026910,2022-09-02,337,true,"{""bluefin"":12,""yellowtail"":35}"
Voyager,368026910,2022-09-04,387,true,"{""bluefin"":69,""dorado"":27}"
Voyager,368026910,2022-09-06,383,true,"{""bluefin"":32,""yellowfin"":5}"
Voyager,368026910,2022-09-08,255,true,"{""yellowfin"":5}"
Voyager,368026910,2022-09-13,394,true,"{""bluefin"":1,""yellowfin"":12,""dorado"":24}"
Voyager,368026910,2022-09-15,381,true,"{""bluefin"":1,""dorado"":117,""yellowtail"":9,""Bonito"":3}"
Voyager,368026910,2022-09-16,400,true,"{""yellowfin"":14,""dorado"":54}"
Voyager,368026910,2022-09-18,368,true,"{""yellowfin"":127,""yellowtail"":7,""dorado"":38}"
Voyager,368026910,2022-09-20,442,true,"{""yellowfin"":57,""dorado"":29}"
Voyager,368026910,2022-09-23,437,true,"{""bluefin"":14,""yellowfin"":4,""dorado"":11}"
Voyager,368026910,2022-09-25,445,true,"{""bluefin"":2,""yellowtail"":9,""dorado"":14}"
Voyager,368026910,2022-09-28,429,true,"{""yellowfin"":29,""dorado"":40}"
Voyager,368026910,2022-09-30,409,true,"{""bluefin"":8,""dorado"":32}"
Voyager,368026910,2022-10-01,222,true,"{""bluefin"":15,""yellowfin"":20,""dorado"":28}"
Voyager,368026910,2022-10-02,443,true,"{""dorado"":26}"
Voyager,368026910,2022-10-04,443,true,"{""bluefin"":28,""dorado"":28}"
Voyager,368026910,2022-10-07,419,true,"{""bluefin"":11,""dorado"":30}"
Voyager,368026910,2022-10-11,444,true,"{""yellowfin"":12,""dorado"":35,""Bonito"":35}"
Voyager,368026910,2022-10-13,424,true,"{""yellowfin"":70,""dorado"":28,""Rockfish"":170}"
Voyager,368026910,2022-10-14,420,true,"{""yellowfin"":65,""dorado"":2}"
Voyager,368026910,2022-10-18,399,true,"{""bluefin"":6}"
Voyager,368026910,2022-10-21,426,true,"{""bluefin"":30,""yellowtail"":20,""Bonito"":12}"
Voyager,368026910,2022-10-23,415,true,"{""bluefin"":15,""yellowtail"":50}"
Voyager,368026910,2022-10-25,416,true,"{""bluefin"":11,""yellowtail"":34,""Bonito"":21}"
Voyager,368026910,2022-10-29,417,true,"{""yellowfin"":45,""dorado"":4}"
Voyager,368026910,2022-10-30,430,true,"{""yellowfin"":75,""dorado"":1}"
Voyager,368026910,2023-04-30,268,true,"{""bluefin"":28,""Vermilion Rockfish"":60}"
Voyager,368026910,2023-05-02,287,true,"{""yellowtail"":52}"
Voyager,368026910,2023-05-06,344,true,"{""yellowtail"":56,""Bonito"":12}"
Voyager,368026910,2023-05-13,368,true,"{""bluefin"":16}"
Voyager,368026910,2023-05-22,380,true,"{""bluefin"":13,""yellowtail"":1,""Vermilion Rockfish"":38}"
Voyager,368026910,2023-05-28,376,true,"{""bluefin"":5}"
Voyager,368026910,2023-06-11,435,true,"{""bluefin"":30}"
Voyager,368026910,2023-06-16,387,true,"{""bluefin"":3}"
Voyager,368026910,2023-06-17,362,true,"{""Whitefish"":14,""Rockfish"":14,""Sanddab"":7,""Vermilion Rockfish"":38}"
Voyager,368026910,2023-07-02,421,true,"{""bluefin"":66,""Vermilion Rockfish"":75,""yellowfin"":10}"
Voyager,368026910,2023-07-08,402,true,"{""bluefin"":18,""Bonito"":7}"
Voyager,368026910,2023-07-09,364,true,"{""yellowtail"":1}"
Voyager,368026910,2023-07-11,388,true,"{""bluefin"":10}"
Voyager,368026910,2023-07-13,444,true,"{""bluefin"":21,""yellowfin"":7}"
Voyager,368026910,2023-07-14,443,true,"{""bluefin"":22}"
Voyager,368026910,2023-07-15,471,true,"{""bluefin"":9,""yellowfin"":10}"
Voyager,368026910,2023-07-16,429,true,"{""bluefin"":32,""yellowfin"":1}"
Voyager,368026910,2023-07-18,442,true,"{""bluefin"":18,""yellowfin"":1,""yellowtail"":18}"
Voyager,368026910,2023-07-20,445,true,"{""bluefin"":10,""yellowtail"":3}"
Voyager,368026910,2023-07-23,347,true,"{""bluefin"":23,""Vermilion Rockfish"":70}"
Voyager,368026910,2023-07-25,379,true,"{""bluefin"":28,""yellowtail"":23}"
Voyager,368026910,2023-07-27,370,true,"{""bluefin"":7}"
Voyager,368026910,2023-07-28,341,true,"{""bluefin"":1,""Rockfish"":159}"
Voyager,368026910,2023-08-01,426,true,"{""bluefin"":23}"
Voyager,368026910,2023-08-03,359,true,"{""bluefin"":8,""yellowfin"":1}"
Voyager,368026910,2023-08-06,381,true,"{""bluefin"":12,""yellowfin"":3,""dorado"":7}"
Voyager,368026910,2023-08-08,375,true,"{""yellowtail"":5,""dorado"":28}"
Voyager,368026910,2023-08-09,378,true,"{""dorado"":28}"
Voyager,368026910,2023-08-11,423,true,"{""bluefin"":56,""yellowtail"":46,""dorado"":1}"
Voyager,368026910,2023-08-13,436,true,"{""Bluefin Tuna (up to 150 pounds)"":33}"
Voyager,368026910,2023-08-15,402,true,"{""bluefin"":26,""yellowtail"":1}"
Voyager,368026910,2023-08-17,380,true,"{""yellowtail"":7,""dorado"":5,""bluefin"":32}"
Voyager,368026910,2023-08-18,412,true,"{""bluefin"":6,""yellowtail"":2,""dorado"":24}"
Voyager,368026910,2023-08-24,412,true,"{""bluefin"":32,""yellowtail"":20,""Bonito"":15}"
Voyager,368026910,2023-08-25,392,true,"{""bluefin"":1,""yellowfin"":1,""yellowtail"":5,""dorado"":36}"
Voyager,368026910,2023-08-26,490,true,"{""dorado"":2}"
Voyager,368026910,2023-08-27,417,true,"{""bluefin"":3,""yellowfin"":1,""dorado"":30}"
Voyager,368026910,2023-08-29,277,true,"{""dorado"":52}"
Voyager,368026910,2023-09-01,416,true,"{""dorado"":34}"
Voyager,368026910,2023-09-03,351,true,"{""bluefin"":10,""yellowfin"":1,""yellowtail"":1,""dorado"":64}"
Voyager,368026910,2023-09-05,406,true,"{""bluefin"":36,""dorado"":180}"
Voyager,368026910,2023-09-07,415,true,"{""yellowfin"":33,""yellowtail"":11,""dorado"":18}"
Voyager,368026910,2023-09-09,422,true,"{""bluefin"":26,""dorado"":12}"
Voyager,368026910,2023-09-10,435,true,"{""bluefin"":14,""yellowtail"":4}"
Voyager,368026910,2023-09-12,435,true,"{""bluefin"":26}"
Voyager,368026910,2023-09-13,430,true,"{""bluefin"":64}"
Voyager,368026910,2023-09-14,397,true,"{""bluefin"":2,""yellowfin"":48,""dorado"":10}"
Voyager,368026910,2023-09-15,392,true,"{""bluefin"":5,""yellowfin"":32,""dorado"":8}"
Voyager,368026910,2023-09-17,494,true,"{""bluefin"":39,""dorado"":6}"
Voyager,368026910,2023-09-19,412,true,"{""bluefin"":26}"
Voyager,368026910,2023-09-22,10,true,"{""bluefin"":58,""yellowfin"":24,""dorado"":6}"
Voyager,368026910,2023-10-08,224,true,"{""bluefin"":56}"
Voyager,368026910,2024-04-01,308,true,"{""Sculpin"":1,""Whitefish"":6,""Rockfish"":51}"
Voyager,368026910,2024-05-05,360,true,{}
Voyager,368026910,2024-05-11,373,true,"{""Sculpin"":4,""Calico Bass"":10,""Whitefish"":50,""White Seabass"":1}"
Voyager,368026910,2024-06-02,372,true,"{""bluefin"":8,""Rockfish"":50,""Vermilion Rockfish"":5}"
Voyager,368026910,2024-06-08,392,true,"{""bluefin"":1}"
Voyager,368026910,2024-06-15,438,true,"{""Barracuda"":2,""Calico Bass"":17,""Rockfish"":80,""Vermilion Rockfish"":5,""Calico Bass Released"":100}"
Voyager,368026910,2024-06-23,426,true,"{""bluefin"":30,""Bonito"":8}"
Voyager,368026910,2024-06-25,419,true,"{""Rockfish"":88,""Vermilion Rockfish"":22}"
Voyager,368026910,2024-06-30,522,true,"{""bluefin"":36,""yellowtail"":5,""Bonito"":5}"
Voyager,368026910,2024-07-02,411,true,"{""Calico Bass"":15,""Rockfish"":24,""Vermilion Rockfish"":6,""Calico Bass Released"":80}"
Voyager,368026910,2024-07-03,378,true,"{""Barracuda"":1,""Calico Bass"":45,""Rockfish"":10,""Vermilion Rockfish"":2,""Barracuda Released"":50,""Calico Bass Released"":100}"
Voyager,368026910,2024-07-06,415,true,"{""yellowtail"":2,""Sculpin"":2,""Calico Bass"":12,""Whitefish"":69,""Bonito"":2,""Rockfish"":5,""Vermilion Rockfish"":3,""White Seabass"":5}"
Voyager,368026910,2024-07-07,409,true,"{""bluefin"":20,""yellowtail"":16}"
Voyager,368026910,2024-07-08,402,true,"{""bluefin"":24}"
Voyager,368026910,2024-07-11,367,true,"{""bluefin"":12}"
Voyager,368026910,2024-07-13,419,true,"{""yellowtail"":100}"
Voyager,368026910,2024-07-14,415,true,"{""yellowtail"":68,""dorado"":1}"
Voyager,368026910,2024-07-16,419,true,"{""yellowtail"":76,""Sand Bass"":5,""Barracuda"":13,""Sculpin"":1,""Calico Bass"":37,""Whitefish"":16}"
Voyager,368026910,2024-07-19,315,true,"{""bluefin"":4,""yellowtail"":120}"
Voyager,368026910,2024-07-21,393,true,"{""yellowtail"":19}"
Voyager,368026910,2024-07-23,362,true,"{""yellowtail"":80}"
Voyager,368026910,2024-07-24,395,true,"{""yellowtail"":60,""Barracuda"":20,""Calico Bass"":40}"
Voyager,368026910,2024-07-26,442,true,"{""yellowtail"":70,""Barracuda"":25,""Sculpin"":1,""Triggerfish"":3,""Calico Bass"":25}"
Voyager,368026910,2024-07-30,444,true,"{""bluefin"":1,""yellowtail"":48,""Sand Bass"":50,""Barracuda"":30}"
Voyager,368026910,2024-08-01,482,true,"{""bluefin"":16}"
Voyager,368026910,2024-08-03,429,true,"{""bluefin"":2,""yellowtail"":4,""Bonito"":16}"
Voyager,368026910,2024-08-04,422,true,"{""yellowtail"":11}"
Voyager,368026910,2024-08-06,436,true,"{""yellowtail"":17,""Sand Bass"":23,""Calico Bass"":49,""Whitefish"":3}"
Voyager,368026910,2024-08-07,439,true,"{""yellowtail"":11,""dorado"":1}"
Voyager,368026910,2024-08-08,436,true,"{""yellowtail"":8,""dorado"":2}"
Voyager,368026910,2024-08-11,411,true,"{""bluefin"":68,""yellowtail"":7}"
Voyager,368026910,2024-08-13,426,true,"{""bluefin"":26,""yellowtail"":18,""Bonito"":16}"
Voyager,368026910,2024-08-15,424,true,"{""yellowtail"":47,""Barracuda"":45,""Calico Bass"":20,""bluefin"":1}"
Voyager,368026910,2024-08-16,424,true,"{""yellowtail"":7,""Barracuda"":30}"
Voyager,368026910,2024-08-18,434,true,"{""yellowtail"":26,""Triggerfish"":3}"
Voyager,368026910,2024-08-20,429,true,"{""Bluefin Tuna (up to 190 pounds)"":5}"
Voyager,368026910,2024-08-23,425,true,"{""yellowtail"":60,""Sculpin"":6,""Whitefish"":15}"
Voyager,368026910,2024-08-24,406,true,"{""yellowtail"":40}"
Voyager,368026910,2024-08-25,419,true,"{""yellowtail"":15,""Barracuda"":4,""Calico Bass"":7}"
Voyager,368026910,2024-08-27,405,true,"{""bluefin"":16,""yellowtail"":28,""Bonito"":8,""Barracuda"":12,""Calico Bass"":12}"
Voyager,368026910,2024-08-29,416,true,"{""bluefin"":37,""yellowfin"":2,""Bonito"":10}"
Voyager,368026910,2024-08-30,430,true,"{""bluefin"":2,""yellowtail"":10,""Calico Bass"":10,""Rockfish"":2}"
Voyager,368026910,2024-09-01,415,true,"{""bluefin"":27,""Bonito"":15}"
Voyager,368026910,2024-09-03,438,true,"{""bluefin"":34,""yellowtail"":1}"
Voyager,368026910,2024-09-05,433,true,"{""bluefin"":18,""yellowtail"":1,""Sheephead"":3,""Calico Bass"":23,""Bonito"":56,""Rockfish"":10}"
Voyager,368026910,2024-09-08,443,true,"{""bluefin"":3,""yellowtail"":4,""Sand Bass"":1,""Sheephead"":1,""Calico Bass"":6,""Lingcod"":1,""Whitefish"":12,""Rockfish"":6}"
Voyager,368026910,2024-09-10,381,true,"{""bluefin"":6,""yellowtail"":2,""Sand Bass"":10,""Sheephead"":15,""Whitefish"":30}"
Voyager,368026910,2024-09-12,436,true,"{""bluefin"":5,""yellowtail"":1}"
Voyager,368026910,2024-09-13,399,true,"{""bluefin"":11,""Calico Bass"":10,""Lingcod"":1}"
Voyager,368026910,2024-09-15,384,true,"{""bluefin"":15,""Sheephead"":10}"
Voyager,368026910,2024-09-17,377,true,"{""bluefin"":10,""yellowtail"":2,""Sheephead"":1,""Lingcod"":20}"
Voyager,368026910,2024-09-20,398,true,"{""Sheephead"":2,""Calico Bass"":50,""Rockfish"":2}"
Voyager,368026910,2024-09-21,399,true,"{""Calico Bass"":5,""Lingcod"":20,""Whitefish"":50,""Rockfish"":50}"
Voyager,368026910,2024-09-27,64,true,"{""bluefin"":12,""Bonito"":6}"
Voyager,368026910,2024-10-11,394,true,"{""yellowtail"":18,""Lingcod"":2}"
Voyager,368026910,2024-10-17,229,true,"{""bluefin"":16}"
Voyager,368026910,2025-03-08,376,true,"{""Sculpin"":3,""Whitefish"":30,""Rockfish"":1,""Vermilion Rockfish"":6}"
Voyager,368026910,2025-04-26,354,true,"{""bluefin"":32,""yellowtail"":1,""Bonito"":2}"
Voyager,368026910,2025-05-11,437,true,"{""Rockfish"":120}"
Voyager,368026910,2025-06-01,422,true,"{""bluefin"":6}"
Voyager,368026910,2025-06-08,383,true,{}
Voyager,368026910,2025-06-20,382,true,"{""Sand Bass"":1,""Calico Bass"":60,""Rockfish"":1,""Sand Bass Released"":25,""Barracuda Released"":100,""Calico Bass Released"":200}"
Voyager,368026910,2025-06-24,396,true,"{""Bluefin Tuna (up to 180 pounds)"":9}"
Voyager,368026910,2025-06-27,438,true,"{""Bluefin Tuna (up to 100 pounds)"":21}"
Voyager,368026910,2025-07-02,412,true,"{""bluefin"":17}"
Voyager,368026910,2025-07-05,398,true,"{""Sand Bass"":10,""Calico Bass"":20,""Lingcod"":1,""Whitefish"":22,""Rockfish"":25,""Vermilion Rockfish"":9,""White Seabass"":1,""Sand Bass Released"":20,""Calico Bass Released"":60}"
Voyager,368026910,2025-07-08,420,true,"{""bluefin"":16}"
Voyager,368026910,2025-07-10,395,true,"{""Sand Bass"":84,""bluefin"":4,""yellowtail"":4}"
Voyager,368026910,2025-07-13,416,true,"{""bluefin"":13}"
Voyager,368026910,2025-07-15,412,true,"{""bluefin"":1,""yellowtail"":24}"
Voyager,368026910,2025-07-18,395,true,"{""bluefin"":48}"
Voyager,368026910,2025-07-22,388,true,"{""bluefin"":5}"
Voyager,368026910,2025-07-26,380,true,"{""bluefin"":2,""yellowtail"":14}"
Voyager,368026910,2025-07-27,396,true,"{""yellowtail"":42}"
Voyager,368026910,2025-07-29,297,true,"{""yellowtail"":120}"
Voyager,368026910,2025-07-31,367,true,"{""bluefin"":16}"
Voyager,368026910,2025-08-02,394,true,"{""Bluefin Tuna (up to 150 pounds)"":27}"
Voyager,368026910,2025-08-04,388,true,"{""bluefin"":5}"
Voyager,368026910,2025-08-06,398,true,"{""Bluefin Tuna (up to 170 pounds)"":7}"
Voyager,368026910,2025-08-08,341,true,"{""bluefin"":2,""yellowtail"":21}"
Voyager,368026910,2025-08-10,371,true,"{""bluefin"":3}"
Voyager,368026910,2025-08-12,332,true,"{""bluefin"":3}"
Voyager,368026910,2025-08-14,294,true,"{""bluefin"":9}"
Voyager,368026910,2025-08-22,363,true,"{""bluefin"":3,""yellowtail"":7}"
Voyager,368026910,2025-08-24,385,true,"{""bluefin"":48}"
Voyager,368026910,2025-08-26,376,true,"{""yellowtail"":4,""Sheephead"":1,""Calico Bass"":25,""Whitefish"":30}"
Voyager,368026910,2025-09-02,361,true,"{""bluefin"":6}"
Voyager,368026910,2025-09-06,368,true,"{""yellowfin"":6,""yellowtail"":15}"
Voyager,368026910,2025-09-19,322,true,"{""bluefin"":32}"
Voyager,368026910,2025-09-20,329,true,"{""bluefin"":26}"
Voyager,368026910,2025-09-22,288,true,"{""Bluefin Tuna (up to 180 pounds)"":24}"
Voyager,368026910,2025-09-24,315,true,"{""bluefin"":23}"
Voyager,368026910,2025-09-29,161,true,"{""bluefin"":4,""yellowfin"":28,""dorado"":1}"
Voyager,368026910,2025-09-30,373,true,"{""bluefin"":28,""yellowfin"":2,""yellowtail"":16,""dorado"":5,""skipjack"":10}"
Voyager,368026910,2025-10-03,350,true,"{""bluefin"":33,""yellowtail"":21,""Rockfish"":150}"
Voyager,368026910,2025-10-06,361,true,"{""bluefin"":44,""yellowfin"":5,""yellowtail"":17}"
Voyager,368026910,2025-10-07,356,true,"{""yellowfin"":75}"
Voyager,368026910,2025-10-09,366,true,"{""Bluefin Tuna (up to 120 pounds)"":32}"
Voyager,368026910,2025-10-12,395,true,"{""bluefin"":17}"
Voyager,368026910,2025-10-14,341,true,"{""bluefin"":34}"
Voyager,368026910,2025-10-17,384,true,"{""bluefin"":24}"
Voyager,368026910,2025-10-19,371,true,"{""bluefin"":52,""Vermilion Rockfish"":52}"
Voyager,368026910,2025-10-20,358,true,"{""bluefin"":76}"
Voyager,368026910,2025-10-21,385,true,"{""bluefin"":36}"
Voyager,368026910,2025-10-22,227,true,"{""bluefin"":80,""yellowtail"":2}"
Constitution,368352260,2024-05-27,1247,true,"{""Bluefin Tuna (up to 140 pounds)"":10,""Red Rockfish"":126}"
Constitution,368352260,2024-06-11,1117,true,"{""bluefin"":15,""yellowtail"":1,""Rockfish"":172}"
Constitution,368352260,2024-06-14,1090,true,"{""bluefin"":13,""yellowfin"":1}"
Constitution,368352260,2024-06-16,1252,true,"{""bluefin"":28,""yellowtail"":4}"
Constitution,368352260,2024-06-24,1248,true,"{""bluefin"":25}"
Constitution,368352260,2024-06-28,1266,true,"{""Bluefin Tuna (up to 180 pounds)"":16}"
Constitution,368352260,2024-06-30,1249,true,"{""Bluefin Tuna (up to 190 pounds)"":16}"
Constitution,368352260,2024-07-02,1246,true,"{""Bluefin Tuna (up to 80 pounds)"":20,""Yellowtail (up to 25 pounds)"":9}"
Constitution,368352260,2024-07-07,1246,true,{}
Constitution,368352260,2024-07-28,1240,true,"{""Bluefin Tuna (up to 240 pounds)"":18}"
Constitution,368352260,2024-07-30,998,true,"{""Bluefin Tuna (up to 160 pounds)"":31}"
Constitution,368352260,2024-08-04,1255,true,"{""bluefin"":20}"
Constitution,368352260,2024-08-16,1255,true,"{""bluefin"":110,""yellowtail"":105}"
Constitution,368352260,2024-08-19,1264,true,"{""bluefin"":33,""yellowtail"":106,""Sheephead"":9,""Calico Bass"":6}"
Constitution,368352260,2024-08-22,1202,true,{}
Constitution,368352260,2024-08-28,1092,true,"{""bluefin"":15,""yellowtail"":4}"
Constitution,368352260,2024-09-01,1182,true,"{""yellowtail"":1,""Bluefin Tuna (up to 120 pounds)"":80}"
Constitution,368352260,2024-09-04,1248,true,"{""Bluefin Tuna (up to 150 pounds)"":71}"
Constitution,368352260,2024-09-06,1263,true,"{""bluefin"":40,""yellowtail"":10}"
Constitution,368352260,2024-09-13,1085,true,"{""Sand Bass"":1,""Calico Bass"":25,""Whitefish"":2,""Bonito"":81,""Rockfish"":1,""Calico Bass Released"":24}"
Constitution,368352260,2024-09-16,1061,true,"{""yellowtail"":1,""Bluefin Tuna (up to 150 pounds)"":60}"
Constitution,368352260,2024-09-18,1061,true,{}
Constitution,368352260,2024-09-22,929,true,"{""bluefin"":10}"
Constitution,368352260,2024-09-24,880,true,"{""Bluefin Tuna (up to 90 pounds)"":27}"
Constitution,368352260,2024-09-30,982,true,"{""bluefin"":25}"
Constitution,368352260,2024-10-04,966,true,"{""bluefin"":16}"
Constitution,368352260,2024-10-07,1163,true,"{""bluefin"":41}"
Constitution,368352260,2024-10-09,1021,true,{}
Constitution,368352260,2024-10-11,1058,true,"{""bluefin"":5}"
Constitution,368352260,2024-10-13,983,true,{}
Constitution,368352260,2024-10-20,867,true,"{""yellowfin"":45}"
Constitution,368352260,2024-10-27,1106,true,"{""yellowfin"":27}"
Constitution,368352260,2025-06-01,36,true,{}
Constitution,368352260,2025-06-08,37,true,"{""bluefin"":2}"
Constitution,368352260,2025-06-29,1129,true,"{""Bluefin Tuna (up to 120 pounds)"":7}"
Constitution,368352260,2025-06-30,988,true,"{""Bluefin Tuna (up to 150 pounds)"":14}"
Constitution,368352260,2025-07-03,672,true,"{""Bluefin Tuna (up to 140 pounds)"":56}"
Constitution,368352260,2025-07-06,977,true,"{""Bluefin Tuna (up to 130 pounds)"":30}"
Constitution,368352260,2025-07-17,18,true,"{""Bluefin Tuna (up to 100 pounds)"":41}"
Constitution,368352260,2025-07-20,13,true,"{""Bluefin Tuna (up to 150 pounds)"":65}"
Constitution,368352260,2025-07-24,12,true,"{""Bluefin Tuna (up to 200 pounds)"":30}"
Constitution,368352260,2025-07-30,43,true,"{""Bluefin Tuna (up to 160 pounds)"":31}"
Constitution,368352260,2025-08-06,725,true,"{""Bluefin Tuna (up to 240 pounds)"":30}"
Constitution,368352260,2025-08-08,393,true,"{""Bluefin Tuna (up to 160 pounds)"":3}"
Constitution,368352260,2025-08-10,18,true,{}
Constitution,368352260,2025-08-14,15,true,{}
Constitution,368352260,2025-08-17,168,true,{}
Constitution,368352260,2025-08-19,1013,true,"{""Bluefin Tuna (up to 100 pounds)"":21}"
Constitution,368352260,2025-08-22,490,true,"{""bluefin"":26,""yellowtail"":1}"
Constitution,368352260,2025-08-24,27,true,"{""bluefin"":64}"
Constitution,368352260,2025-08-26,25,true,"{""Bluefin Tuna (up to 150 pounds)"":12}"
Constitution,368352260,2025-08-28,12,true,"{""Bluefin Tuna (up to 200 pounds)"":40}"
Constitution,368352260,2025-09-14,733,true,"{""bluefin"":25,""yellowtail"":2}"
Constitution,368352260,2025-09-16,14,true,"{""bluefin"":76}"
Constitution,368352260,2025-09-24,9,true,{}
Constitution,368352260,2025-09-27,7,true,"{""yellowfin"":104,""dorado"":4,""skipjack"":5}"
Constitution,368352260,2025-09-29,12,true,"{""bluefin"":30,""yellowfin"":40,""yellowtail"":4,""skipjack"":5}"
Constitution,368352260,2025-10-19,729,true,"{""bluefin"":78,""dorado"":1}"
Islander,368406170,2025-06-01,452,true,"{""Bluefin Tuna (up to 185 pounds)"":69}"
Islander,368406170,2025-06-18,547,true,"{""Bluefin Tuna (up to 130 pounds)"":35}"
Islander,368406170,2025-06-29,379,true,{}
Islander,368406170,2025-07-01,359,true,"{""bluefin"":39}"
Islander,368406170,2025-07-04,383,true,"{""bluefin"":111}"
Islander,368406170,2025-07-06,565,true,"{""bluefin"":46}"
Islander,368406170,2025-07-08,106,true,"{""bluefin"":22}"
Islander,368406170,2025-07-14,518,true,"{""Bluefin Tuna (up to 200 pounds)"":44}"
Islander,368406170,2025-07-17,516,true,"{""Bluefin Tuna (up to 200 pounds)"":97}"
Islander,368406170,2025-07-20,434,true,"{""Bluefin Tuna (up to 150 pounds)"":89}"
Islander,368406170,2025-08-14,444,true,"{""yellowtail"":1,""Bluefin Tuna (up to 100 pounds)"":58}"
Islander,368406170,2025-08-25,544,true,"{""Bluefin Tuna (up to 240 pounds)"":82}"
Islander,368406170,2025-09-01,546,true,"{""bluefin"":64}"
Islander,368406170,2025-09-04,413,true,"{""yellowfin"":8,""Bluefin Tuna (up to 70 pounds)"":20}"
Islander,368406170,2025-09-07,510,true,"{""Bluefin Tuna (up to 90 pounds)"":28}"
Islander,368406170,2025-09-10,386,true,{}
Islander,368406170,2025-09-14,475,true,"{""bluefin"":40}"
Islander,368406170,2025-09-17,440,true,"{""bluefin"":150}"
Islander,368406170,2025-09-24,18,true,"{""bluefin"":89}"
Islander,368406170,2025-10-03,260,true,"{""bluefin"":27,""yellowfin"":3}"
Islander,368406170,2025-10-17,452,true,"{""bluefin"":40,""yellowfin"":12,""yellowtail"":34,""dorado"":1}"
Islander,368406170,2025-10-24,439,true,"{""bluefin"":112}"
Islander,368406170,2025-10-27,348,true,"{""bluefin"":144,""yellowtail"":2}"
